datetime,soil0_matric,soil1_matric,soil2_conduct,soil3_conduct,soil0_matric_MPa,soil1_matric_MPa,soil2_conduct_dSm,soil2_conduct_mM,soil3_conduct_dSm,soil3_conduct_mM
2026-07-12 16:00:00,0.0,0.0,53.473538,106.771588,0.0,0.0,0.053474,0.534735,0.106772,1.067716
2026-07-12 17:00:00,0.0,0.0,53.011111,106.164345,0.0,0.0,0.053011,0.530111,0.106164,1.061643
2026-07-12 18:00:00,0.0,0.0,52.561111,105.4,0.0,0.0,0.052561,0.525611,0.1054,1.054
2026-07-12 19:00:00,0.0,0.0,52.116667,104.938889,0.0,0.0,0.052117,0.521167,0.104939,1.049389
2026-07-12 20:00:00,0.0,0.0,51.813889,104.444444,0.0,0.0,0.051814,0.518139,0.104444,1.044444
2026-07-12 21:00:00,0.0,0.0,51.058824,103.88764,0.0,0.0,0.051059,0.510588,0.103888,1.038876
2026-07-12 22:00:00,0.0,0.0,51.216667,104.147632,0.0,0.0,0.051217,0.512167,0.104148,1.041476
2026-07-12 23:00:00,0.0,0.0,51.375,104.238889,0.0,0.0,0.051375,0.51375,0.104239,1.042389
2026-07-13 00:00:00,0.0,0.0,51.227778,104.311111,0.0,0.0,0.051228,0.512278,0.104311,1.043111
2026-07-13 01:00:00,0.0,0.0,51.097493,104.097222,0.0,0.0,0.051097,0.510975,0.104097,1.040972
2026-07-13 02:00:00,0.0,0.0,51.100279,103.822222,0.0,0.0,0.0511,0.511003,0.103822,1.038222
2026-07-13 03:00:00,0.0,0.0,50.747222,103.486111,0.0,0.0,0.050747,0.507472,0.103486,1.034861
2026-07-13 04:00:00,0.0,0.0,50.483333,103.142061,0.0,0.0,0.050483,0.504833,0.103142,1.031421
2026-07-13 05:00:00,0.0,0.0,50.253482,102.830084,0.0,0.0,0.050253,0.502535,0.10283,1.028301
2026-07-13 06:00:00,0.0,0.0,49.944444,102.15,0.0,0.0,0.049944,0.499444,0.10215,1.0215
2026-07-13 07:00:00,0.0,0.0,49.54039,101.719444,0.0,0.0,0.04954,0.495404,0.101719,1.017194
2026-07-13 08:00:00,0.0,0.0,49.885154,101.796657,0.0,0.0,0.049885,0.498852,0.101797,1.017967
2026-07-13 09:00:00,0.0,0.0,50.327778,102.451253,0.0,0.0,0.050328,0.503278,0.102451,1.024513
2026-07-13 10:00:00,0.0,0.0,50.313889,102.375,0.0,0.0,0.050314,0.503139,0.102375,1.02375
2026-07-13 11:00:00,0.0,0.0,50.027778,102.388889,0.0,0.0,0.050028,0.500278,0.102389,1.023889
2026-07-13 12:00:00,0.0,0.0,49.816667,101.797222,0.0,0.0,0.049817,0.498167,0.101797,1.017972
2026-07-13 13:00:00,0.0,0.0,49.669444,102.083333,0.0,0.0,0.049669,0.496694,0.102083,1.020833
2026-07-13 14:00:00,0.0,0.0,49.283333,101.902778,0.0,0.0,0.049283,0.492833,0.101903,1.019028
2026-07-13 15:00:00,0.0,0.0,49.036111,99.966667,0.0,0.0,0.049036,0.490361,0.099967,0.999667
2026-07-13 16:00:00,-1.048348,-0.003892,48.595808,99.745509,-0.001048,-4e-06,0.048596,0.485958,0.099746,0.997455
2026-07-13 17:00:00,-1.575833,0.0,48.041667,98.97493,-0.001576,0.0,0.048042,0.480417,0.098975,0.989749
2026-07-13 18:00:00,-2.125278,0.0,47.961111,98.22905,-0.002125,0.0,0.047961,0.479611,0.098229,0.982291
2026-07-13 19:00:00,-3.054469,0.0,47.650838,97.896648,-0.003054,0.0,0.047651,0.476508,0.097897,0.978966
2026-07-13 20:00:00,-4.418889,0.0,47.322222,97.791667,-0.004419,0.0,0.047322,0.473222,0.097792,0.977917
2026-07-13 21:00:00,-5.092222,0.0,46.342618,96.935933,-0.005092,0.0,0.046343,0.463426,0.096936,0.969359
2026-07-13 22:00:00,-5.194444,0.0,46.461111,96.541667,-0.005194,0.0,0.046461,0.464611,0.096542,0.965417
2026-07-13 23:00:00,-5.270556,0.0,46.525,96.938889,-0.005271,0.0,0.046525,0.46525,0.096939,0.969389
2026-07-14 00:00:00,-5.345,0.0,46.586592,96.975,-0.005345,0.0,0.046587,0.465866,0.096975,0.96975
2026-07-14 01:00:00,-5.407778,0.0,46.336111,96.894444,-0.005408,0.0,0.046336,0.463361,0.096894,0.968944
2026-07-14 02:00:00,-5.508889,-0.015278,46.108939,96.644444,-0.005509,-1.5e-05,0.046109,0.461089,0.096644,0.966444
2026-07-14 03:00:00,-5.598055,0.0,45.741667,95.916667,-0.005598,0.0,0.045742,0.457417,0.095917,0.959167
2026-07-14 04:00:00,-5.666389,-0.015833,45.425,95.637883,-0.005666,-1.6e-05,0.045425,0.45425,0.095638,0.956379
2026-07-14 05:00:00,-5.714722,-0.015877,45.164345,95.45,-0.005715,-1.6e-05,0.045164,0.451643,0.09545,0.9545
2026-07-14 06:00:00,-5.78,0.0,44.913889,94.630556,-0.00578,0.0,0.044914,0.449139,0.094631,0.946306
2026-07-14 07:00:00,-5.800834,0.0,44.855556,94.575,-0.005801,0.0,0.044856,0.448556,0.094575,0.94575
2026-07-14 08:00:00,-5.876323,0.0,45.26257,94.810585,-0.005876,0.0,0.045263,0.452626,0.094811,0.948106
2026-07-14 09:00:00,-6.029722,0.0,45.35376,95.041899,-0.00603,0.0,0.045354,0.453538,0.095042,0.950419
2026-07-14 10:00:00,-6.20585,-0.033333,45.261111,95.108635,-0.006206,-3.3e-05,0.045261,0.452611,0.095109,0.951086
2026-07-14 11:00:00,-6.358496,-0.908078,44.902778,94.891667,-0.006358,-0.000908,0.044903,0.449028,0.094892,0.948917
2026-07-14 12:00:00,-6.526184,-1.100833,44.608333,94.505556,-0.006526,-0.001101,0.044608,0.446083,0.094506,0.945056
2026-07-14 13:00:00,-6.663324,-1.164183,44.416667,93.916905,-0.006663,-0.001164,0.044417,0.444167,0.093917,0.939169
2026-07-14 14:00:00,-6.851945,-1.249025,44.15,93.643454,-0.006852,-0.001249,0.04415,0.4415,0.093643,0.936435
2026-07-14 15:00:00,-7.071389,-1.395265,44.122222,93.622222,-0.007071,-0.001395,0.044122,0.441222,0.093622,0.936222
2026-07-14 16:00:00,-7.285278,-1.620278,43.997214,93.286111,-0.007285,-0.00162,0.043997,0.439972,0.093286,0.932861
2026-07-14 17:00:00,-7.496944,-1.778333,43.902778,92.958333,-0.007497,-0.001778,0.043903,0.439028,0.092958,0.929583
2026-07-14 18:00:00,-7.707778,-1.971389,43.772222,92.89415,-0.007708,-0.001971,0.043772,0.437722,0.092894,0.928942
2026-07-14 19:00:00,-7.949445,-2.160833,43.805014,92.891365,-0.007949,-0.002161,0.043805,0.43805,0.092891,0.928914
2026-07-14 20:00:00,-8.261838,-2.338333,43.175,92.530556,-0.008262,-0.002338,0.043175,0.43175,0.092531,0.925306
2026-07-14 21:00:00,-8.534167,-2.466389,42.394444,91.675,-0.008534,-0.002466,0.042394,0.423944,0.091675,0.91675
2026-07-14 22:00:00,-8.651945,-2.503611,42.077778,91.286111,-0.008652,-0.002504,0.042078,0.420778,0.091286,0.912861
2026-07-14 23:00:00,-8.714722,-2.551389,42.216667,91.177778,-0.008715,-0.002551,0.042217,0.422167,0.091178,0.911778
2026-07-15 00:00:00,-8.815556,-2.624444,42.161111,91.301676,-0.008816,-0.002624,0.042161,0.421611,0.091302,0.913017
2026-07-15 01:00:00,-8.927019,-2.703073,41.930362,91.092179,-0.008927,-0.002703,0.04193,0.419304,0.091092,0.910922
2026-07-15 02:00:00,-9.0275,-2.815278,41.797222,90.561111,-0.009028,-0.002815,0.041797,0.417972,0.090561,0.905611
2026-07-15 03:00:00,-9.138889,-2.905278,41.401114,90.480556,-0.009139,-0.002905,0.041401,0.414011,0.090481,0.904806
2026-07-15 04:00:00,-9.226389,-2.9975,40.983333,89.952778,-0.009226,-0.002998,0.040983,0.409833,0.089953,0.899528
2026-07-15 05:00:00,-9.363889,-3.094722,40.969444,89.691667,-0.009364,-0.003095,0.040969,0.409694,0.089692,0.896917
2026-07-15 06:00:00,-9.448055,-3.158774,40.452778,89.230556,-0.009448,-0.003159,0.040453,0.404528,0.089231,0.892306
2026-07-15 07:00:00,-9.4725,-3.208914,40.638889,88.736111,-0.009472,-0.003209,0.040639,0.406389,0.088736,0.887361
2026-07-15 08:00:00,-9.647222,-3.373333,40.865922,88.715877,-0.009647,-0.003373,0.040866,0.408659,0.088716,0.887159
2026-07-15 09:00:00,-9.987222,-3.56351,40.905556,89.094444,-0.009987,-0.003564,0.040906,0.409056,0.089094,0.890944
2026-07-15 10:00:00,-10.167409,-3.848611,40.736111,88.911111,-0.010167,-0.003849,0.040736,0.407361,0.088911,0.889111
2026-07-15 11:00:00,-10.332222,-4.158889,40.416667,88.729805,-0.010332,-0.004159,0.040417,0.404167,0.08873,0.887298
2026-07-15 12:00:00,-10.405014,-4.685475,40.25,88.313889,-0.010405,-0.004685,0.04025,0.4025,0.088314,0.883139
2026-07-15 13:00:00,-10.583334,-5.041111,40.391061,88.311111,-0.010583,-0.005041,0.040391,0.403911,0.088311,0.883111
2026-07-15 14:00:00,-10.718663,-5.11,40.311111,88.1,-0.010719,-0.00511,0.040311,0.403111,0.0881,0.881
2026-07-15 15:00:00,-10.895278,-5.218889,40.05,87.880223,-0.010895,-0.005219,0.04005,0.4005,0.08788,0.878802
2026-07-15 16:00:00,-11.044445,-5.336945,40.061111,87.558333,-0.011044,-0.005337,0.040061,0.400611,0.087558,0.875583
2026-07-15 17:00:00,-11.169444,-5.477222,40.127778,87.388889,-0.011169,-0.005477,0.040128,0.401278,0.087389,0.873889
2026-07-15 18:00:00,-11.301114,-5.664067,40.311978,87.447222,-0.011301,-0.005664,0.040312,0.40312,0.087447,0.874472
2026-07-15 19:00:00,-11.472778,-5.696111,40.091667,87.359331,-0.011473,-0.005696,0.040092,0.400917,0.087359,0.873593
2026-07-15 20:00:00,-11.664167,-5.784958,39.519444,87.136111,-0.011664,-0.005785,0.039519,0.395194,0.087136,0.871361
2026-07-15 21:00:00,-11.807521,-5.867688,38.961111,86.675,-0.011808,-0.005868,0.038961,0.389611,0.086675,0.86675
2026-07-15 22:00:00,-11.833056,-5.893333,38.644444,86.066667,-0.011833,-0.005893,0.038644,0.386444,0.086067,0.860667
2026-07-15 23:00:00,-11.846111,-5.9,38.602778,86.077778,-0.011846,-0.0059,0.038603,0.386028,0.086078,0.860778
2026-07-16 00:00:00,-11.8975,-5.948611,38.697222,86.172222,-0.011897,-0.005949,0.038697,0.386972,0.086172,0.861722
2026-07-16 01:00:00,-11.900277,-5.998607,38.552778,85.794444,-0.0119,-0.005999,0.038553,0.385528,0.085794,0.857944
2026-07-16 02:00:00,-11.94,-6.046944,38.261111,85.780556,-0.01194,-0.006047,0.038261,0.382611,0.085781,0.857806
2026-07-16 03:00:00,-11.969444,-6.115555,37.919444,85.502778,-0.011969,-0.006116,0.037919,0.379194,0.085503,0.855028
2026-07-16 04:00:00,-12.078889,-6.134444,37.669444,84.983333,-0.012079,-0.006134,0.037669,0.376694,0.084983,0.849833
2026-07-16 05:00:00,-12.1,-6.21,37.438889,84.579387,-0.0121,-0.00621,0.037439,0.374389,0.084579,0.845794
2026-07-16 06:00:00,-12.12,-6.2,37.119444,84.24234,-0.01212,-0.0062,0.037119,0.371194,0.084242,0.842423
2026-07-16 07:00:00,-12.107778,-6.200278,37.122222,83.955556,-0.012108,-0.0062,0.037122,0.371222,0.083956,0.839556
2026-07-16 08:00:00,-12.236389,-6.237883,37.372222,84.077994,-0.012236,-0.006238,0.037372,0.373722,0.084078,0.84078
2026-07-16 09:00:00,-12.423055,-6.306945,37.233333,84.130919,-0.012423,-0.006307,0.037233,0.372333,0.084131,0.841309
2026-07-16 10:00:00,-12.616435,-6.4,37.125,83.733333,-0.012616,-0.0064,0.037125,0.37125,0.083733,0.837333
2026-07-16 11:00:00,-12.824722,-6.532033,36.869444,83.412256,-0.012825,-0.006532,0.036869,0.368694,0.083412,0.834123
2026-07-16 12:00:00,-13.029722,-6.625278,36.594444,83.419444,-0.01303,-0.006625,0.036594,0.365944,0.083419,0.834194
2026-07-16 13:00:00,-13.159331,-6.703333,36.419444,83.158333,-0.013159,-0.006703,0.036419,0.364194,0.083158,0.831583
2026-07-16 14:00:00,-13.259445,-6.7175,36.341667,82.986111,-0.013259,-0.006717,0.036342,0.363417,0.082986,0.829861
2026-07-16 15:00:00,-13.334167,-6.745833,36.486111,83.136111,-0.013334,-0.006746,0.036486,0.364861,0.083136,0.831361
2026-07-16 16:00:00,-13.441828,-6.791413,36.67313,83.304709,-0.013442,-0.006791,0.036673,0.366731,0.083305,0.833047
2026-07-16 17:00:00,-13.561111,-6.810585,36.680556,83.412256,-0.013561,-0.006811,0.036681,0.366806,0.083412,0.834123
2026-07-16 18:00:00,-13.779444,-6.901389,36.427778,83.419444,-0.013779,-0.006901,0.036428,0.364278,0.083419,0.834194
2026-07-16 19:00:00,-13.983565,-7.020613,35.994444,83.011111,-0.013984,-0.007021,0.035994,0.359944,0.083011,0.830111
2026-07-16 20:00:00,-14.103621,-7.100833,35.497222,82.316667,-0.014104,-0.007101,0.035497,0.354972,0.082317,0.823167
2026-07-16 21:00:00,-14.222222,-7.204735,35.344444,81.788889,-0.014222,-0.007205,0.035344,0.353444,0.081789,0.817889
2026-07-16 22:00:00,-14.260278,-7.306667,35.213889,81.81337,-0.01426,-0.007307,0.035214,0.352139,0.081813,0.818134
2026-07-16 23:00:00,-14.261839,-7.317549,35.1,81.708333,-0.014262,-0.007318,0.0351,0.351,0.081708,0.817083
2026-07-17 00:00:00,-14.36,-7.414445,34.658333,81.263889,-0.01436,-0.007414,0.034658,0.346583,0.081264,0.812639
2026-07-17 01:00:00,-14.374444,-7.4,34.5,80.861111,-0.014374,-0.0074,0.0345,0.345,0.080861,0.808611
2026-07-17 02:00:00,-14.3675,-7.400556,34.225,80.605556,-0.014367,-0.007401,0.034225,0.34225,0.080606,0.806056
2026-07-17 03:00:00,-14.351111,-7.401389,34.055556,80.338889,-0.014351,-0.007401,0.034056,0.340556,0.080339,0.803389
2026-07-17 04:00:00,-14.338889,-7.408611,33.877778,80.083333,-0.014339,-0.007409,0.033878,0.338778,0.080083,0.800833
2026-07-17 05:00:00,-14.323889,-7.430084,33.788889,80.052778,-0.014324,-0.00743,0.033789,0.337889,0.080053,0.800528
2026-07-17 06:00:00,-14.385555,-7.485278,33.808333,79.775,-0.014386,-0.007485,0.033808,0.338083,0.079775,0.79775
2026-07-17 07:00:00,-14.313649,-7.515278,33.844444,79.719444,-0.014314,-0.007515,0.033844,0.338444,0.079719,0.797194
2026-07-17 08:00:00,-14.413927,-7.544722,34.138889,79.944444,-0.014414,-0.007545,0.034139,0.341389,0.079944,0.799444
2026-07-17 09:00:00,-14.651111,-7.629444,34.155556,79.963889,-0.014651,-0.007629,0.034156,0.341556,0.079964,0.799639
2026-07-17 10:00:00,-14.866389,-7.738827,33.966667,79.991667,-0.014866,-0.007739,0.033967,0.339667,0.079992,0.799917
2026-07-17 11:00:00,-15.083333,-7.854875,33.708333,79.872222,-0.015083,-0.007855,0.033708,0.337083,0.079872,0.798722
2026-07-17 12:00:00,-15.265,-7.961667,33.283333,79.139276,-0.015265,-0.007962,0.033283,0.332833,0.079139,0.791393
2026-07-17 13:00:00,-15.418333,-8.070556,32.741667,78.486111,-0.015418,-0.008071,0.032742,0.327417,0.078486,0.784861
2026-07-17 14:00:00,-15.589167,-8.198607,32.486111,78.169444,-0.015589,-0.008199,0.032486,0.324861,0.078169,0.781694
2026-07-17 15:00:00,-15.7625,-8.363333,32.488889,78.016713,-0.015763,-0.008363,0.032489,0.324889,0.078017,0.780167
2026-07-17 16:00:00,-15.923677,-8.546389,32.613889,77.866667,-0.015924,-0.008546,0.032614,0.326139,0.077867,0.778667
2026-07-17 17:00:00,-16.031667,-8.73844,32.383333,77.288889,-0.016032,-0.008738,0.032383,0.323833,0.077289,0.772889
2026-07-17 18:00:00,-16.103056,-8.932222,32.280556,77.141667,-0.016103,-0.008932,0.032281,0.322806,0.077142,0.771417
2026-07-17 19:00:00,-16.422222,-9.128212,31.975,76.855556,-0.016422,-0.009128,0.031975,0.31975,0.076856,0.768556
2026-07-17 20:00:00,-16.623612,-9.259167,31.522222,76.601671,-0.016624,-0.009259,0.031522,0.315222,0.076602,0.766017
2026-07-17 21:00:00,-16.772625,-9.317222,31.216667,76.347222,-0.016773,-0.009317,0.031217,0.312167,0.076347,0.763472
2026-07-17 22:00:00,-16.659888,-9.308611,31.305556,76.066667,-0.01666,-0.009309,0.031306,0.313056,0.076067,0.760667
2026-07-17 23:00:00,-16.818714,-9.347778,31.21727,76.328691,-0.016819,-0.009348,0.031217,0.312173,0.076329,0.763287
2026-07-18 00:00:00,-16.893611,-9.394166,30.994444,75.936111,-0.016894,-0.009394,0.030994,0.309944,0.075936,0.759361
2026-07-18 01:00:00,-16.9,-9.399722,30.655556,75.729805,-0.0169,-0.0094,0.030656,0.306556,0.07573,0.757298
2026-07-18 02:00:00,-16.902507,-9.434349,30.473684,75.293629,-0.016903,-0.009434,0.030474,0.304737,0.075294,0.752936
2026-07-18 03:00:00,-16.888055,-9.467966,30.169444,75.066667,-0.016888,-0.009468,0.030169,0.301694,0.075067,0.750667
2026-07-18 04:00:00,-16.983611,-9.501389,30.002786,74.777778,-0.016984,-0.009501,0.030003,0.300028,0.074778,0.747778
2026-07-18 05:00:00,-16.999164,-9.518889,29.483333,74.417827,-0.016999,-0.009519,0.029483,0.294833,0.074418,0.744178
2026-07-18 06:00:00,-16.952778,-9.580834,29.45,74.138889,-0.016953,-0.009581,0.02945,0.2945,0.074139,0.741389
2026-07-18 07:00:00,-16.937883,-9.553056,29.383333,73.744444,-0.016938,-0.009553,0.029383,0.293833,0.073744,0.737444
2026-07-18 08:00:00,-16.981667,-9.534722,29.730556,74.088889,-0.016982,-0.009535,0.029731,0.297306,0.074089,0.740889
2026-07-18 09:00:00,-17.057778,-9.633611,29.977716,74.305556,-0.017058,-0.009634,0.029978,0.299777,0.074306,0.743056
2026-07-18 10:00:00,-17.225834,-9.763889,29.916667,74.530556,-0.017226,-0.009764,0.029917,0.299167,0.074531,0.745306
2026-07-18 11:00:00,-17.387465,-9.936944,29.908333,74.158333,-0.017387,-0.009937,0.029908,0.299083,0.074158,0.741583
2026-07-18 12:00:00,-17.559167,-10.005,29.716667,74.219444,-0.017559,-0.010005,0.029717,0.297167,0.074219,0.742194
2026-07-18 13:00:00,-17.675,-10.088611,29.897222,74.375,-0.017675,-0.010089,0.029897,0.298972,0.074375,0.74375
2026-07-18 14:00:00,-17.826388,-10.157778,29.766667,74.228412,-0.017826,-0.010158,0.029767,0.297667,0.074228,0.742284
2026-07-18 15:00:00,-17.9025,-10.241111,29.752778,73.922222,-0.017903,-0.010241,0.029753,0.297528,0.073922,0.739222
2026-07-18 16:00:00,-18.245833,-10.337222,29.722222,73.777778,-0.018246,-0.010337,0.029722,0.297222,0.073778,0.737778
2026-07-18 17:00:00,-18.428255,-10.430471,29.675,72.961219,-0.018428,-0.01043,0.029675,0.29675,0.072961,0.729612
2026-07-18 18:00:00,-18.499165,-10.531198,29.612813,73.164345,-0.018499,-0.010531,0.029613,0.296128,0.073164,0.731643
2026-07-18 19:00:00,-18.732778,-10.649031,29.34072,72.98615,-0.018733,-0.010649,0.029341,0.293407,0.072986,0.729861
2026-07-18 20:00:00,-18.952222,-10.761111,28.969444,72.630556,-0.018952,-0.010761,0.028969,0.289694,0.072631,0.726306
2026-07-18 21:00:00,-19.144569,-10.8,28.608333,72.402778,-0.019145,-0.0108,0.028608,0.286083,0.072403,0.724028
2026-07-18 22:00:00,-19.203622,-10.8,28.461111,72.230556,-0.019204,-0.0108,0.028461,0.284611,0.072231,0.722306
2026-07-18 23:00:00,-19.221666,-10.8,28.417827,72.216667,-0.019222,-0.0108,0.028418,0.284178,0.072217,0.722167
2026-07-19 00:00:00,-19.325833,-10.801111,28.391667,72.027778,-0.019326,-0.010801,0.028392,0.283917,0.072028,0.720278
2026-07-19 01:00:00,-19.345,-10.802229,27.952778,71.544444,-0.019345,-0.010802,0.027953,0.279528,0.071544,0.715444
2026-07-19 02:00:00,-19.401944,-10.802786,27.677778,71.388268,-0.019402,-0.010803,0.027678,0.276778,0.071388,0.713883
2026-07-19 03:00:00,-19.4125,-10.826111,27.5,71.069638,-0.019412,-0.010826,0.0275,0.275,0.07107,0.710696
2026-07-19 04:00:00,-19.383055,-10.802778,27.358333,70.67688,-0.019383,-0.010803,0.027358,0.273583,0.070677,0.706769
2026-07-19 05:00:00,-19.476111,-10.878056,27.180556,70.302778,-0.019476,-0.010878,0.027181,0.271806,0.070303,0.703028
2026-07-19 06:00:00,-19.494444,-10.879166,27.013889,70.291667,-0.019494,-0.010879,0.027014,0.270139,0.070292,0.702917
2026-07-19 07:00:00,-19.368333,-10.836111,27.113889,69.991667,-0.019368,-0.010836,0.027114,0.271139,0.069992,0.699917
2026-07-19 08:00:00,-19.450418,-10.895821,27.166667,70.391667,-0.01945,-0.010896,0.027167,0.271667,0.070392,0.703917
2026-07-19 09:00:00,-19.42933,-10.932033,27.194444,70.477778,-0.019429,-0.010932,0.027194,0.271944,0.070478,0.704778
2026-07-19 10:00:00,-19.657778,-11.048056,27.15,70.402778,-0.019658,-0.011048,0.02715,0.2715,0.070403,0.704028
2026-07-19 11:00:00,-19.774166,-11.092479,27.163889,70.358333,-0.019774,-0.011092,0.027164,0.271639,0.070358,0.703583
2026-07-19 12:00:00,-19.831666,-11.110307,27.122222,70.322222,-0.019832,-0.01111,0.027122,0.271222,0.070322,0.703222
2026-07-19 13:00:00,-19.986667,-11.191922,27.194444,70.444444,-0.019987,-0.011192,0.027194,0.271944,0.070444,0.704444
2026-07-19 14:00:00,-20.145278,-11.316389,27.297222,70.422222,-0.020145,-0.011316,0.027297,0.272972,0.070422,0.704222
2026-07-19 15:00:00,-20.384679,-11.434444,27.269444,70.152778,-0.020385,-0.011434,0.027269,0.272694,0.070153,0.701528
2026-07-19 16:00:00,-20.569723,-11.547222,27.302778,69.944444,-0.02057,-0.011547,0.027303,0.273028,0.069944,0.699444
2026-07-19 17:00:00,-20.886389,-11.667131,27.280556,69.54039,-0.020886,-0.011667,0.027281,0.272806,0.06954,0.695404
2026-07-19 18:00:00,-21.046667,-11.737778,27.208333,69.319444,-0.021047,-0.011738,0.027208,0.272083,0.069319,0.693194
2026-07-19 19:00:00,-21.341504,-11.841389,27.119444,69.155989,-0.021342,-0.011841,0.027119,0.271194,0.069156,0.69156
2026-07-19 20:00:00,-21.648889,-11.921944,26.680556,68.861111,-0.021649,-0.011922,0.026681,0.266806,0.068861,0.688611
2026-07-19 21:00:00,-21.9125,-12.0,26.238889,68.476323,-0.021912,-0.012,0.026239,0.262389,0.068476,0.684763
2026-07-19 22:00:00,-22.140001,-11.978055,25.963889,67.988889,-0.02214,-0.011978,0.025964,0.259639,0.067989,0.679889
2026-07-19 23:00:00,-22.144445,-11.935278,26.066667,68.011111,-0.022144,-0.011935,0.026067,0.260667,0.068011,0.680111
2026-07-20 00:00:00,-22.320055,-11.985556,26.066667,67.988889,-0.02232,-0.011986,0.026067,0.260667,0.067989,0.679889
2026-07-20 01:00:00,-22.466944,-12.008889,25.925,67.660167,-0.022467,-0.012009,0.025925,0.25925,0.06766,0.676602
2026-07-20 02:00:00,-22.626667,-12.096667,25.571031,67.426184,-0.022627,-0.012097,0.025571,0.25571,0.067426,0.674262
2026-07-20 03:00:00,-22.756389,-12.105278,25.366667,67.188889,-0.022756,-0.012105,0.025367,0.253667,0.067189,0.671889
2026-07-20 04:00:00,-22.799166,-12.141945,25.083333,66.933148,-0.022799,-0.012142,0.025083,0.250833,0.066933,0.669331
2026-07-20 05:00:00,-22.965,-12.181667,24.775,66.377778,-0.022965,-0.012182,0.024775,0.24775,0.066378,0.663778
2026-07-20 06:00:00,-23.019445,-12.158611,24.725,66.138889,-0.023019,-0.012159,0.024725,0.24725,0.066139,0.661389
2026-07-20 07:00:00,-22.95391,-12.100278,24.877778,65.905556,-0.022954,-0.0121,0.024878,0.248778,0.065906,0.659056
2026-07-20 08:00:00,-22.9025,-12.198056,25.016667,66.216667,-0.022902,-0.012198,0.025017,0.250167,0.066217,0.662167
2026-07-20 09:00:00,-23.0775,-12.275556,24.966667,66.038889,-0.023078,-0.012276,0.024967,0.249667,0.066039,0.660389
2026-07-20 10:00:00,-23.223056,-12.35961,24.966667,65.966667,-0.023223,-0.01236,0.024967,0.249667,0.065967,0.659667
2026-07-20 11:00:00,-23.345403,-12.4175,24.816667,65.777778,-0.023345,-0.012417,0.024817,0.248167,0.065778,0.657778
2026-07-20 12:00:00,-23.485,-12.561345,24.576602,65.869444,-0.023485,-0.012561,0.024577,0.245766,0.065869,0.658694
2026-07-20 13:00:00,-23.640391,-12.604723,24.658333,65.736111,-0.02364,-0.012605,0.024658,0.246583,0.065736,0.657361
2026-07-20 14:00:00,-23.783611,-12.642222,24.586111,65.627778,-0.023784,-0.012642,0.024586,0.245861,0.065628,0.656278
2026-07-20 15:00:00,-22.469231,-6.06213,42.822485,91.757396,-0.022469,-0.006062,0.042822,0.428225,0.091757,0.917574
2026-07-22 14:00:00,0.0,0.0,76.504178,103.016713,0.0,0.0,0.076504,0.765042,0.103017,1.030167
2026-07-22 15:00:00,0.0,0.0,76.706704,103.422222,0.0,0.0,0.076707,0.767067,0.103422,1.034222
2026-07-22 16:00:00,0.0,0.0,76.97493,103.847222,0.0,0.0,0.076975,0.769749,0.103847,1.038472
2026-07-22 17:00:00,0.0,0.0,77.05,104.278552,0.0,0.0,0.07705,0.7705,0.104279,1.042786
2026-07-22 18:00:00,0.0,0.0,76.633333,104.655556,0.0,0.0,0.076633,0.766333,0.104656,1.046556
2026-07-22 19:00:00,0.0,0.0,76.476323,104.62117,0.0,0.0,0.076476,0.764763,0.104621,1.046212
2026-07-22 20:00:00,0.0,0.0,76.144444,104.625,0.0,0.0,0.076144,0.761444,0.104625,1.04625
2026-07-22 21:00:00,0.0,0.0,75.707521,104.562674,0.0,0.0,0.075708,0.757075,0.104563,1.045627
2026-07-22 22:00:00,0.0,0.0,75.374302,104.158333,0.0,0.0,0.075374,0.753743,0.104158,1.041583
2026-07-22 23:00:00,0.0,0.0,75.200557,104.061111,0.0,0.0,0.075201,0.752006,0.104061,1.040611
2026-07-23 00:00:00,0.0,0.0,75.408333,104.111111,0.0,0.0,0.075408,0.754083,0.104111,1.041111
2026-07-23 01:00:00,0.0,0.0,74.99446,104.229917,0.0,0.0,0.074994,0.749945,0.10423,1.042299
2026-07-23 02:00:00,0.0,0.0,74.816667,103.983333,0.0,0.0,0.074817,0.748167,0.103983,1.039833
2026-07-23 03:00:00,0.0,0.0,74.315642,103.696379,0.0,0.0,0.074316,0.743156,0.103696,1.036964
2026-07-23 04:00:00,0.0,0.0,74.292479,103.430556,0.0,0.0,0.074292,0.742925,0.103431,1.034306
2026-07-23 05:00:00,0.0,0.0,73.891061,103.147632,0.0,0.0,0.073891,0.738911,0.103148,1.031476
2026-07-23 06:00:00,0.0,0.0,73.630556,102.794444,0.0,0.0,0.073631,0.736306,0.102794,1.027944
2026-07-23 07:00:00,0.0,0.0,73.445682,102.512535,0.0,0.0,0.073446,0.734457,0.102513,1.025125
2026-07-23 08:00:00,0.0,0.0,73.481994,102.436111,0.0,0.0,0.073482,0.73482,0.102436,1.024361
2026-07-23 09:00:00,0.0,0.0,73.372222,102.683333,0.0,0.0,0.073372,0.733722,0.102683,1.026833
2026-07-23 10:00:00,0.0,0.0,73.291667,102.724234,0.0,0.0,0.073292,0.732917,0.102724,1.027242
2026-07-23 11:00:00,0.0,0.0,73.144444,102.811111,0.0,0.0,0.073144,0.731444,0.102811,1.028111
2026-07-23 12:00:00,0.0,0.0,72.905556,102.769444,0.0,0.0,0.072906,0.729056,0.102769,1.027694
2026-07-23 13:00:00,0.0,0.0,72.613889,103.236769,0.0,0.0,0.072614,0.726139,0.103237,1.032368
2026-07-23 14:00:00,0.0,0.0,72.615599,103.261838,0.0,0.0,0.072616,0.726156,0.103262,1.032618
2026-07-23 15:00:00,0.0,0.0,72.46875,103.272727,0.0,0.0,0.072469,0.724687,0.103273,1.032727
2026-07-23 16:00:00,0.0,0.0,72.509749,103.568245,0.0,0.0,0.07251,0.725097,0.103568,1.035682
2026-07-23 17:00:00,0.0,0.0,72.097222,103.477778,0.0,0.0,0.072097,0.720972,0.103478,1.034778
2026-07-23 18:00:00,0.0,0.0,72.355556,103.769444,0.0,0.0,0.072356,0.723556,0.103769,1.037694
2026-07-23 19:00:00,0.0,0.0,71.977778,103.777778,0.0,0.0,0.071978,0.719778,0.103778,1.037778
2026-07-23 20:00:00,0.0,0.0,72.177778,104.027778,0.0,0.0,0.072178,0.721778,0.104028,1.040278
2026-07-23 21:00:00,0.0,0.0,71.807263,104.326816,0.0,0.0,0.071807,0.718073,0.104327,1.043268
2026-07-23 22:00:00,0.0,0.0,71.330556,104.061281,0.0,0.0,0.071331,0.713306,0.104061,1.040613
2026-07-23 23:00:00,0.0,0.0,71.763231,104.111421,0.0,0.0,0.071763,0.717632,0.104111,1.041114
2026-07-24 00:00:00,0.0,0.0,71.534819,104.488889,0.0,0.0,0.071535,0.715348,0.104489,1.044889
2026-07-24 01:00:00,0.0,0.0,71.205556,104.663889,0.0,0.0,0.071206,0.712056,0.104664,1.046639
2026-07-24 02:00:00,0.0,0.0,71.364903,104.658333,0.0,0.0,0.071365,0.713649,0.104658,1.046583
2026-07-24 03:00:00,0.0,0.0,71.202778,104.35376,0.0,0.0,0.071203,0.712028,0.104354,1.043538
2026-07-24 04:00:00,0.0,0.0,70.958333,104.030726,0.0,0.0,0.070958,0.709583,0.104031,1.040307
2026-07-24 05:00:00,0.0,0.0,70.630556,103.991667,0.0,0.0,0.070631,0.706306,0.103992,1.039917
2026-07-24 06:00:00,0.0,0.0,70.570637,103.936288,0.0,0.0,0.070571,0.705706,0.103936,1.039363
2026-07-24 07:00:00,0.0,0.0,70.18663,103.529248,0.0,0.0,0.070187,0.701866,0.103529,1.035292
2026-07-24 08:00:00,0.0,0.0,70.3,103.719444,0.0,0.0,0.0703,0.703,0.103719,1.037194
2026-07-24 09:00:00,0.0,0.0,70.519444,103.761111,0.0,0.0,0.070519,0.705194,0.103761,1.037611
2026-07-24 10:00:00,0.0,0.0,70.152778,103.702778,0.0,0.0,0.070153,0.701528,0.103703,1.037028
2026-07-24 11:00:00,0.0,0.0,70.080556,103.963889,0.0,0.0,0.070081,0.700806,0.103964,1.039639
2026-07-24 12:00:00,0.0,0.0,69.841226,104.108333,0.0,0.0,0.069841,0.698412,0.104108,1.041083
2026-07-24 13:00:00,0.0,0.0,69.333333,104.252778,0.0,0.0,0.069333,0.693333,0.104253,1.042528
2026-07-24 14:00:00,0.0,0.0,69.558333,104.205556,0.0,0.0,0.069558,0.695583,0.104206,1.042056
2026-07-24 15:00:00,0.0,0.0,69.552778,104.774373,0.0,0.0,0.069553,0.695528,0.104774,1.047744
2026-07-24 16:00:00,0.0,0.0,69.735376,104.805014,0.0,0.0,0.069735,0.697354,0.104805,1.04805
2026-07-24 17:00:00,0.0,0.0,69.736111,105.088889,0.0,0.0,0.069736,0.697361,0.105089,1.050889
2026-07-24 18:00:00,0.0,0.0,69.601671,105.430556,0.0,0.0,0.069602,0.696017,0.105431,1.054306
2026-07-24 19:00:00,0.0,0.0,69.518106,105.583333,0.0,0.0,0.069518,0.695181,0.105583,1.055833
2026-07-24 20:00:00,0.0,0.0,69.155556,105.733333,0.0,0.0,0.069156,0.691556,0.105733,1.057333
2026-07-24 21:00:00,0.0,0.0,68.456825,105.317549,0.0,0.0,0.068457,0.684568,0.105318,1.053175
2026-07-24 22:00:00,0.0,0.0,68.016713,105.080556,0.0,0.0,0.068017,0.680167,0.105081,1.050806
2026-07-24 23:00:00,0.0,0.0,67.955679,105.091413,0.0,0.0,0.067956,0.679557,0.105091,1.050914
2026-07-25 00:00:00,0.0,0.0,67.816156,104.775,0.0,0.0,0.067816,0.678162,0.104775,1.04775
2026-07-25 01:00:00,0.0,0.0,67.769444,105.152778,0.0,0.0,0.067769,0.677694,0.105153,1.051528
2026-07-25 02:00:00,0.0,0.0,67.412256,104.963889,0.0,0.0,0.067412,0.674123,0.104964,1.049639
2026-07-25 03:00:00,0.0,0.0,66.758333,104.508333,0.0,0.0,0.066758,0.667583,0.104508,1.045083
2026-07-25 04:00:00,0.0,0.0,66.67688,104.300836,0.0,0.0,0.066677,0.666769,0.104301,1.043008
2026-07-25 05:00:00,0.0,0.0,66.363889,103.952778,0.0,0.0,0.066364,0.663639,0.103953,1.039528
2026-07-25 06:00:00,0.0,0.0,66.069444,103.623955,0.0,0.0,0.066069,0.660694,0.103624,1.03624
2026-07-25 07:00:00,0.0,0.0,65.555556,102.952778,0.0,0.0,0.065556,0.655556,0.102953,1.029528
2026-07-25 08:00:00,0.0,0.0,65.647222,103.038889,0.0,0.0,0.065647,0.656472,0.103039,1.030389
2026-07-25 09:00:00,0.0,0.0,65.584958,103.543175,0.0,0.0,0.065585,0.65585,0.103543,1.035432
2026-07-25 10:00:00,0.0,0.0,65.480556,103.227778,0.0,0.0,0.065481,0.654806,0.103228,1.032278
2026-07-25 11:00:00,0.0,0.0,65.327778,102.9,0.0,0.0,0.065328,0.653278,0.1029,1.029
2026-07-25 12:00:00,0.0,0.0,64.897222,102.694444,0.0,0.0,0.064897,0.648972,0.102694,1.026944
2026-07-25 13:00:00,0.0,0.0,64.491667,102.62117,0.0,0.0,0.064492,0.644917,0.102621,1.026212
2026-07-25 14:00:00,0.0,0.0,64.406685,102.846797,0.0,0.0,0.064407,0.644067,0.102847,1.028468
2026-07-25 15:00:00,0.0,0.0,64.117318,102.893855,0.0,0.0,0.064117,0.641173,0.102894,1.028939
2026-07-25 16:00:00,0.0,0.0,63.805014,103.164804,0.0,0.0,0.063805,0.63805,0.103165,1.031648
2026-07-25 17:00:00,0.0,0.0,63.551532,102.949721,0.0,0.0,0.063552,0.635515,0.10295,1.029497
2026-07-25 18:00:00,0.0,0.0,63.152778,103.075,0.0,0.0,0.063153,0.631528,0.103075,1.03075
2026-07-25 19:00:00,0.0,0.0,63.180556,102.822222,0.0,0.0,0.063181,0.631806,0.102822,1.028222
2026-07-25 20:00:00,0.0,0.0,62.684358,102.947222,0.0,0.0,0.062684,0.626844,0.102947,1.029472
2026-07-25 21:00:00,0.0,0.0,62.494444,102.733333,0.0,0.0,0.062494,0.624944,0.102733,1.027333
2026-07-25 22:00:00,0.0,0.0,62.527778,102.822222,0.0,0.0,0.062528,0.625278,0.102822,1.028222
2026-07-25 23:00:00,0.0,0.0,62.666667,103.02507,0.0,0.0,0.062667,0.626667,0.103025,1.030251
2026-07-26 00:00:00,0.0,0.0,62.620112,103.183844,0.0,0.0,0.06262,0.626201,0.103184,1.031838
2026-07-26 01:00:00,0.0,0.0,62.519444,103.172702,0.0,0.0,0.062519,0.625194,0.103173,1.031727
2026-07-26 02:00:00,0.0,0.0,62.319444,103.066667,0.0,0.0,0.062319,0.623194,0.103067,1.030667
2026-07-26 03:00:00,0.0,0.0,62.25,102.972222,0.0,0.0,0.06225,0.6225,0.102972,1.029722
2026-07-26 04:00:00,0.0,0.0,62.166667,102.669444,0.0,0.0,0.062167,0.621667,0.102669,1.026694
2026-07-26 05:00:00,0.0,0.0,61.736111,102.736111,0.0,0.0,0.061736,0.617361,0.102736,1.027361
2026-07-26 06:00:00,0.0,0.0,61.775,102.786111,0.0,0.0,0.061775,0.61775,0.102786,1.027861
2026-07-26 07:00:00,0.0,0.0,61.755556,102.547222,0.0,0.0,0.061756,0.617556,0.102547,1.025472
2026-07-26 08:00:00,0.0,0.0,61.9,102.766667,0.0,0.0,0.0619,0.619,0.102767,1.027667
2026-07-26 09:00:00,0.0,0.0,61.716667,102.961111,0.0,0.0,0.061717,0.617167,0.102961,1.029611
2026-07-26 10:00:00,0.0,0.0,61.655556,103.181058,0.0,0.0,0.061656,0.616556,0.103181,1.031811
2026-07-26 11:00:00,0.0,0.0,61.402778,102.969359,0.0,0.0,0.061403,0.614028,0.102969,1.029694
2026-07-26 12:00:00,0.0,0.0,60.972145,102.866295,0.0,0.0,0.060972,0.609721,0.102866,1.028663
2026-07-26 13:00:00,0.0,0.0,60.577778,102.735376,0.0,0.0,0.060578,0.605778,0.102735,1.027354
2026-07-26 14:00:00,0.0,0.0,60.283333,102.573816,0.0,0.0,0.060283,0.602833,0.102574,1.025738
2026-07-26 15:00:00,0.0,0.0,59.980556,102.766667,0.0,0.0,0.059981,0.599806,0.102767,1.027667
2026-07-26 16:00:00,0.0,0.0,59.202778,102.592798,0.0,0.0,0.059203,0.592028,0.102593,1.025928
2026-07-26 17:00:00,0.0,0.0,59.316667,102.520891,0.0,0.0,0.059317,0.593167,0.102521,1.025209
2026-07-26 18:00:00,0.0,0.0,59.011111,101.938719,0.0,0.0,0.059011,0.590111,0.101939,1.019387
2026-07-26 19:00:00,0.0,0.0,58.688889,102.036212,0.0,0.0,0.058689,0.586889,0.102036,1.020362
2026-07-26 20:00:00,0.0,0.0,58.358333,101.980556,0.0,0.0,0.058358,0.583583,0.101981,1.019806
2026-07-26 21:00:00,0.0,0.0,58.016667,102.114206,0.0,0.0,0.058017,0.580167,0.102114,1.021142
2026-07-26 22:00:00,0.0,0.0,57.766017,101.808333,0.0,0.0,0.057766,0.57766,0.101808,1.018083
2026-07-26 23:00:00,0.0,0.0,57.822222,101.986072,0.0,0.0,0.057822,0.578222,0.101986,1.019861
2026-07-27 00:00:00,0.0,0.0,57.319444,102.352778,0.0,0.0,0.057319,0.573194,0.102353,1.023528
2026-07-27 01:00:00,0.0,0.0,57.423823,102.177778,0.0,0.0,0.057424,0.574238,0.102178,1.021778
2026-07-27 02:00:00,0.0,0.0,57.163889,101.963889,0.0,0.0,0.057164,0.571639,0.101964,1.019639
2026-07-27 03:00:00,0.0,0.0,56.913889,101.941667,0.0,0.0,0.056914,0.569139,0.101942,1.019417
2026-07-27 04:00:00,0.0,0.0,56.5,101.590529,0.0,0.0,0.0565,0.565,0.101591,1.015905
2026-07-27 05:00:00,0.0,0.0,56.488889,101.487465,0.0,0.0,0.056489,0.564889,0.101487,1.014875
2026-07-27 06:00:00,0.0,0.0,56.155556,101.180556,0.0,0.0,0.056156,0.561556,0.101181,1.011806
2026-07-27 07:00:00,0.0,0.0,55.855556,100.705556,0.0,0.0,0.055856,0.558556,0.100706,1.007056
2026-07-27 08:00:00,0.0,0.0,55.613889,100.672222,0.0,0.0,0.055614,0.556139,0.100672,1.006722
2026-07-27 09:00:00,0.0,0.0,55.807799,101.055556,0.0,0.0,0.055808,0.558078,0.101056,1.010556
2026-07-27 10:00:00,0.0,0.0,55.583099,101.016901,0.0,0.0,0.055583,0.555831,0.101017,1.010169
2026-07-27 11:00:00,0.0,0.0,55.469444,101.380556,0.0,0.0,0.055469,0.554694,0.101381,1.013806
2026-07-27 12:00:00,0.0,0.0,55.097765,101.0,0.0,0.0,0.055098,0.550978,0.101,1.01
2026-07-27 13:00:00,0.0,0.0,54.975,101.072423,0.0,0.0,0.054975,0.54975,0.101072,1.010724
2026-07-27 14:00:00,0.0,0.0,54.858333,100.955432,0.0,0.0,0.054858,0.548583,0.100955,1.009554
2026-07-27 15:00:00,0.0,0.0,54.465181,101.202778,0.0,0.0,0.054465,0.544652,0.101203,1.012028
2026-07-27 16:00:00,0.0,0.0,54.202778,101.362117,0.0,0.0,0.054203,0.542028,0.101362,1.013621
2026-07-27 17:00:00,0.0,0.0,53.875,101.445682,0.0,0.0,0.053875,0.53875,0.101446,1.014457
2026-07-27 18:00:00,0.0,0.0,53.763889,100.913889,0.0,0.0,0.053764,0.537639,0.100914,1.009139
2026-07-27 19:00:00,0.0,0.0,53.438889,100.802778,0.0,0.0,0.053439,0.534389,0.100803,1.008028
2026-07-27 20:00:00,0.0,0.0,53.025,100.694444,0.0,0.0,0.053025,0.53025,0.100694,1.006944
2026-07-27 21:00:00,0.0,0.0,52.582173,101.064067,0.0,0.0,0.052582,0.525822,0.101064,1.010641
2026-07-27 22:00:00,0.0,0.0,52.420613,100.844444,0.0,0.0,0.052421,0.524206,0.100844,1.008444
2026-07-27 23:00:00,0.0,0.0,52.508333,100.704735,0.0,0.0,0.052508,0.525083,0.100705,1.007047
2026-07-28 00:00:00,0.0,0.0,52.519444,101.175,0.0,0.0,0.052519,0.525194,0.101175,1.01175
2026-07-28 01:00:00,0.0,0.0,52.194444,101.166667,0.0,0.0,0.052194,0.521944,0.101167,1.011667
2026-07-28 02:00:00,0.0,0.0,51.994444,100.803324,0.0,0.0,0.051994,0.519944,0.100803,1.008033
2026-07-28 03:00:00,0.0,0.0,51.651811,100.572222,0.0,0.0,0.051652,0.516518,0.100572,1.005722
2026-07-28 04:00:00,0.0,0.0,51.386111,100.387187,0.0,0.0,0.051386,0.513861,0.100387,1.003872
2026-07-28 05:00:00,0.0,0.0,50.975,100.255556,0.0,0.0,0.050975,0.50975,0.100256,1.002556
2026-07-28 06:00:00,0.0,0.0,50.852368,100.027855,0.0,0.0,0.050852,0.508524,0.100028,1.000279
2026-07-28 07:00:00,0.0,0.0,50.566667,99.355556,0.0,0.0,0.050567,0.505667,0.099356,0.993556
2026-07-28 08:00:00,0.0,0.0,50.463889,99.519444,0.0,0.0,0.050464,0.504639,0.099519,0.995194
2026-07-28 09:00:00,0.0,0.0,50.477778,99.799443,0.0,0.0,0.050478,0.504778,0.099799,0.997994
2026-07-28 10:00:00,0.0,0.0,50.338889,99.616667,0.0,0.0,0.050339,0.503389,0.099617,0.996167
2026-07-28 11:00:00,0.0,0.0,49.559557,99.146814,0.0,0.0,0.04956,0.495596,0.099147,0.991468
2026-07-28 12:00:00,0.0,0.0,48.527778,98.055556,0.0,0.0,0.048528,0.485278,0.098056,0.980556
2026-07-28 13:00:00,0.0,0.0,48.05,98.102778,0.0,0.0,0.04805,0.4805,0.098103,0.981028
2026-07-28 14:00:00,0.0,0.0,48.230556,98.086351,0.0,0.0,0.048231,0.482306,0.098086,0.980864
2026-07-28 15:00:00,0.0,0.0,48.064067,98.222222,0.0,0.0,0.048064,0.480641,0.098222,0.982222
2026-07-28 16:00:00,0.0,0.0,47.380556,98.288889,0.0,0.0,0.047381,0.473806,0.098289,0.982889
2026-07-28 17:00:00,0.0,0.0,47.316667,98.211111,0.0,0.0,0.047317,0.473167,0.098211,0.982111
2026-07-28 18:00:00,0.0,0.0,47.055556,97.927778,0.0,0.0,0.047056,0.470556,0.097928,0.979278
2026-07-28 19:00:00,0.0,0.0,46.576177,97.891967,0.0,0.0,0.046576,0.465762,0.097892,0.97892
2026-07-28 20:00:00,0.0,0.0,46.436111,97.866295,0.0,0.0,0.046436,0.464361,0.097866,0.978663
2026-07-28 21:00:00,0.0,0.0,45.933333,97.747222,0.0,0.0,0.045933,0.459333,0.097747,0.977472
2026-07-28 22:00:00,0.0,0.0,45.908078,97.822222,0.0,0.0,0.045908,0.459081,0.097822,0.978222
2026-07-28 23:00:00,0.0,0.0,45.97493,97.975,0.0,0.0,0.045975,0.459749,0.097975,0.97975
2026-07-29 00:00:00,0.0,0.0,45.752089,97.852778,0.0,0.0,0.045752,0.457521,0.097853,0.978528
2026-07-29 01:00:00,0.0,0.0,45.433333,97.491667,0.0,0.0,0.045433,0.454333,0.097492,0.974917
2026-07-29 02:00:00,0.0,0.0,45.441667,97.855556,0.0,0.0,0.045442,0.454417,0.097856,0.978556
2026-07-29 03:00:00,0.0,0.0,44.769444,97.522346,0.0,0.0,0.044769,0.447694,0.097522,0.975223
2026-07-29 04:00:00,-0.767131,0.0,44.796657,97.369444,-0.000767,0.0,0.044797,0.447967,0.097369,0.973694
2026-07-29 05:00:00,-1.218056,-0.003611,44.6,97.025,-0.001218,-4e-06,0.0446,0.446,0.097025,0.97025
2026-07-29 06:00:00,-1.423398,0.0,44.433333,96.766667,-0.001423,0.0,0.044433,0.444333,0.096767,0.967667
2026-07-29 07:00:00,-1.860833,0.0,44.177778,96.339833,-0.001861,0.0,0.044178,0.441778,0.09634,0.963398
2026-07-29 08:00:00,-3.075,0.0,44.061111,96.402778,-0.003075,0.0,0.044061,0.440611,0.096403,0.964028
2026-07-29 09:00:00,-4.753056,0.0,44.133333,96.669444,-0.004753,0.0,0.044133,0.441333,0.096669,0.966694
2026-07-29 10:00:00,-5.314444,0.0,43.886111,96.533333,-0.005314,0.0,0.043886,0.438861,0.096533,0.965333
2026-07-29 11:00:00,-5.712742,0.0,43.752778,96.581717,-0.005713,0.0,0.043753,0.437528,0.096582,0.965817
2026-07-29 12:00:00,-6.183611,0.0,43.436111,96.395543,-0.006184,0.0,0.043436,0.434361,0.096396,0.963955
2026-07-29 13:00:00,-6.815833,0.0,43.141667,96.041667,-0.006816,0.0,0.043142,0.431417,0.096042,0.960417
2026-07-29 14:00:00,-7.561389,0.0,43.027778,96.194444,-0.007561,0.0,0.043028,0.430278,0.096194,0.961944
2026-07-29 15:00:00,-8.295101,0.0,42.396552,96.175287,-0.008295,0.0,0.042397,0.423966,0.096175,0.961753
2026-07-29 16:00:00,-8.954318,-0.02486,41.721448,96.417827,-0.008954,-2.5e-05,0.041721,0.417214,0.096418,0.964178
2026-07-29 17:00:00,-9.585833,-0.052925,41.705556,96.338889,-0.009586,-5.3e-05,0.041706,0.417056,0.096339,0.963389
2026-07-29 18:00:00,-10.068524,0.0,41.511111,96.191667,-0.010069,0.0,0.041511,0.415111,0.096192,0.961917
2026-07-29 19:00:00,-10.262849,0.0,41.058496,96.430556,-0.010263,0.0,0.041058,0.410585,0.096431,0.964306
2026-07-29 20:00:00,-10.339266,-0.028889,40.561111,96.358333,-0.010339,-2.9e-05,0.040561,0.405611,0.096358,0.963583
2026-07-29 21:00:00,-10.309749,0.0,40.163889,96.454039,-0.01031,0.0,0.040164,0.401639,0.096454,0.96454
2026-07-29 22:00:00,-10.216992,0.0,40.169444,96.127778,-0.010217,0.0,0.040169,0.401694,0.096128,0.961278
2026-07-29 23:00:00,-10.180332,-0.027978,40.030471,96.327778,-0.01018,-2.8e-05,0.04003,0.400305,0.096328,0.963278
2026-07-30 00:00:00,-10.115556,-0.056267,39.805014,96.502778,-0.010116,-5.6e-05,0.039805,0.39805,0.096503,0.965028
2026-07-30 01:00:00,-10.168802,-0.028412,39.713092,96.335196,-0.010169,-2.8e-05,0.039713,0.397131,0.096335,0.963352
2026-07-30 02:00:00,-10.194722,0.0,39.462185,95.891667,-0.010195,0.0,0.039462,0.394622,0.095892,0.958917
2026-07-30 03:00:00,-10.2,-0.028333,39.2,96.103064,-0.0102,-2.8e-05,0.0392,0.392,0.096103,0.961031
2026-07-30 04:00:00,-10.2,-0.028412,38.966667,95.807799,-0.0102,-2.8e-05,0.038967,0.389667,0.095808,0.958078
2026-07-30 05:00:00,-10.200555,0.0,38.588889,95.405556,-0.010201,0.0,0.038589,0.385889,0.095406,0.954056
2026-07-30 06:00:00,-10.201389,-0.028333,38.428969,95.320334,-0.010201,-2.8e-05,0.038429,0.38429,0.09532,0.953203
2026-07-30 07:00:00,-10.339722,-0.028611,38.470752,94.583799,-0.01034,-2.9e-05,0.038471,0.384708,0.094584,0.945838
2026-07-30 08:00:00,-10.561945,-0.029444,38.403361,94.693593,-0.010562,-2.9e-05,0.038403,0.384034,0.094694,0.946936
2026-07-30 09:00:00,-10.997784,-0.060278,38.509695,95.044444,-0.010998,-6e-05,0.03851,0.385097,0.095044,0.950444
2026-07-30 10:00:00,-11.373056,0.0,38.177778,94.875,-0.011373,0.0,0.038178,0.381778,0.094875,0.94875
2026-07-30 11:00:00,-11.845,0.0,37.911111,94.825,-0.011845,0.0,0.037911,0.379111,0.094825,0.94825
2026-07-30 12:00:00,-12.279387,0.0,37.520891,94.632312,-0.012279,0.0,0.037521,0.375209,0.094632,0.946323
2026-07-30 13:00:00,-12.794722,0.0,36.730556,94.072222,-0.012795,0.0,0.036731,0.367306,0.094072,0.940722
2026-07-30 14:00:00,-13.2975,-0.074581,36.561111,93.797222,-0.013297,-7.5e-05,0.036561,0.365611,0.093797,0.937972
2026-07-30 15:00:00,-13.686667,0.0,36.583333,94.269444,-0.013687,0.0,0.036583,0.365833,0.094269,0.942694
2026-07-30 16:00:00,-14.151117,0.0,36.382682,94.151261,-0.014151,0.0,0.036383,0.363827,0.094151,0.941513
2026-07-30 17:00:00,-8.960833,0.0,75.852778,93.847222,-0.008961,0.0,0.075853,0.758528,0.093847,0.938472
2026-07-30 18:00:00,0.0,0.0,71.519444,93.732591,0.0,0.0,0.071519,0.715194,0.093733,0.937326
2026-07-30 19:00:00,0.0,0.0,64.529086,93.936288,0.0,0.0,0.064529,0.645291,0.093936,0.939363
2026-07-30 20:00:00,0.0,0.0,60.711111,94.016667,0.0,0.0,0.060711,0.607111,0.094017,0.940167
2026-07-30 21:00:00,0.0,0.0,57.794444,93.601671,0.0,0.0,0.057794,0.577944,0.093602,0.936017
2026-07-30 22:00:00,0.0,0.0,56.063889,93.613889,0.0,0.0,0.056064,0.560639,0.093614,0.936139
2026-07-30 23:00:00,0.0,0.0,54.986072,94.255556,0.0,0.0,0.054986,0.549861,0.094256,0.942556
2026-07-31 00:00:00,0.0,0.0,54.113889,93.924791,0.0,0.0,0.054114,0.541139,0.093925,0.939248
2026-07-31 01:00:00,0.0,0.0,53.183333,94.391667,0.0,0.0,0.053183,0.531833,0.094392,0.943917
2026-07-31 02:00:00,0.0,0.0,52.436111,94.169444,0.0,0.0,0.052436,0.524361,0.094169,0.941694
2026-07-31 03:00:00,0.0,0.0,51.658333,94.013889,0.0,0.0,0.051658,0.516583,0.094014,0.940139
2026-07-31 04:00:00,0.0,0.0,50.905292,93.572222,0.0,0.0,0.050905,0.509053,0.093572,0.935722
2026-07-31 05:00:00,0.0,0.0,50.266667,93.466667,0.0,0.0,0.050267,0.502667,0.093467,0.934667
2026-07-31 06:00:00,0.0,0.0,50.155556,93.469444,0.0,0.0,0.050156,0.501556,0.093469,0.934694
2026-07-31 07:00:00,0.0,0.0,49.608333,92.969444,0.0,0.0,0.049608,0.496083,0.092969,0.929694
2026-07-31 08:00:00,0.0,0.0,49.447222,92.988889,0.0,0.0,0.049447,0.494472,0.092989,0.929889
2026-07-31 09:00:00,0.0,0.0,49.233333,92.769444,0.0,0.0,0.049233,0.492333,0.092769,0.927694
2026-07-31 10:00:00,0.0,0.0,48.975,93.16156,0.0,0.0,0.048975,0.48975,0.093162,0.931616
2026-07-31 11:00:00,0.0,0.0,48.445682,93.236111,0.0,0.0,0.048446,0.484457,0.093236,0.932361
2026-07-31 12:00:00,0.0,0.0,47.927778,93.086351,0.0,0.0,0.047928,0.479278,0.093086,0.930864
2026-07-31 13:00:00,0.0,0.0,47.466667,92.849582,0.0,0.0,0.047467,0.474667,0.09285,0.928496
2026-07-31 14:00:00,0.0,0.0,46.752089,92.413889,0.0,0.0,0.046752,0.467521,0.092414,0.924139
2026-07-31 15:00:00,0.0,0.0,46.197772,91.963788,0.0,0.0,0.046198,0.461978,0.091964,0.919638
2026-07-31 16:00:00,0.0,0.0,45.636111,91.455556,0.0,0.0,0.045636,0.456361,0.091456,0.914556
2026-07-31 17:00:00,0.0,0.0,45.519444,91.244444,0.0,0.0,0.045519,0.455194,0.091244,0.912444
2026-07-31 18:00:00,0.0,0.0,45.406685,91.283333,0.0,0.0,0.045407,0.454067,0.091283,0.912833
2026-07-31 19:00:00,0.0,0.0,44.975,91.166667,0.0,0.0,0.044975,0.44975,0.091167,0.911667
2026-07-31 20:00:00,0.0,0.0,44.4,91.094708,0.0,0.0,0.0444,0.444,0.091095,0.910947
2026-07-31 21:00:00,0.0,0.0,43.544444,90.730556,0.0,0.0,0.043544,0.435444,0.090731,0.907306
2026-07-31 22:00:00,0.0,0.0,43.088889,90.044444,0.0,0.0,0.043089,0.430889,0.090044,0.900444
2026-07-31 23:00:00,0.0,0.0,43.197772,90.377778,0.0,0.0,0.043198,0.431978,0.090378,0.903778
2026-08-01 00:00:00,0.0,0.0,43.430556,90.780556,0.0,0.0,0.043431,0.434306,0.090781,0.907806
2026-08-01 01:00:00,0.0,0.0,43.133333,90.763889,0.0,0.0,0.043133,0.431333,0.090764,0.907639
2026-08-01 02:00:00,0.0,0.0,42.936111,90.091667,0.0,0.0,0.042936,0.429361,0.090092,0.900917
2026-08-01 03:00:00,0.0,0.0,42.363889,89.62117,0.0,0.0,0.042364,0.423639,0.089621,0.896212
2026-08-01 04:00:00,0.0,0.0,42.384401,89.214485,0.0,0.0,0.042384,0.423844,0.089214,0.892145
2026-08-01 05:00:00,0.0,0.0,41.988889,89.158333,0.0,0.0,0.041989,0.419889,0.089158,0.891583
2026-08-01 06:00:00,0.0,0.0,41.802778,88.969444,0.0,0.0,0.041803,0.418028,0.088969,0.889694
2026-08-01 07:00:00,0.0,0.0,41.813889,88.554318,0.0,0.0,0.041814,0.418139,0.088554,0.885543
2026-08-01 08:00:00,0.0,0.0,41.583333,88.652778,0.0,0.0,0.041583,0.415833,0.088653,0.886528
2026-08-01 09:00:00,0.0,0.0,41.402778,88.608333,0.0,0.0,0.041403,0.414028,0.088608,0.886083
2026-08-01 10:00:00,0.0,0.0,41.086351,88.335196,0.0,0.0,0.041086,0.410864,0.088335,0.883352
2026-08-01 11:00:00,0.0,0.0,40.718663,87.955556,0.0,0.0,0.040719,0.407187,0.087956,0.879556
2026-08-01 12:00:00,0.0,0.0,40.181058,87.541667,0.0,0.0,0.040181,0.401811,0.087542,0.875417
2026-08-01 13:00:00,0.0,0.0,39.874652,87.313889,0.0,0.0,0.039875,0.398747,0.087314,0.873139
2026-08-01 14:00:00,0.0,0.0,39.575,87.283333,0.0,0.0,0.039575,0.39575,0.087283,0.872833
2026-08-01 15:00:00,0.0,0.0,39.419444,87.252778,0.0,0.0,0.039419,0.394194,0.087253,0.872528
2026-08-01 16:00:00,0.0,0.0,38.983333,86.880556,0.0,0.0,0.038983,0.389833,0.086881,0.868806
2026-08-01 17:00:00,0.0,0.0,38.730556,86.652778,0.0,0.0,0.038731,0.387306,0.086653,0.866528
2026-08-01 18:00:00,0.0,0.0,38.438889,86.594444,0.0,0.0,0.038439,0.384389,0.086594,0.865944
2026-08-01 19:00:00,0.0,0.0,38.144044,85.880886,0.0,0.0,0.038144,0.38144,0.085881,0.858809
2026-08-01 20:00:00,0.0,0.0,37.525,85.602778,0.0,0.0,0.037525,0.37525,0.085603,0.856028
2026-08-01 21:00:00,0.0,0.0,36.927778,84.888889,0.0,0.0,0.036928,0.369278,0.084889,0.848889
2026-08-01 22:00:00,0.0,0.0,36.81337,84.791086,0.0,0.0,0.036813,0.368134,0.084791,0.847911
2026-08-01 23:00:00,0.0,0.0,36.91922,84.983287,0.0,0.0,0.036919,0.369192,0.084983,0.849833
2026-08-02 00:00:00,0.0,0.0,36.636111,85.15,0.0,0.0,0.036636,0.366361,0.08515,0.8515
2026-08-02 01:00:00,-0.254875,0.0,36.219444,84.916667,-0.000255,0.0,0.036219,0.362194,0.084917,0.849167
2026-08-02 02:00:00,-1.142017,-0.003333,36.15,84.6,-0.001142,-3e-06,0.03615,0.3615,0.0846,0.846
2026-08-02 03:00:00,-1.459497,-0.004178,35.821727,84.273743,-0.001459,-4e-06,0.035822,0.358217,0.084274,0.842737
2026-08-02 04:00:00,-1.844444,0.0,35.658333,84.111111,-0.001844,0.0,0.035658,0.356583,0.084111,0.841111
2026-08-02 05:00:00,-2.195833,0.0,35.415512,83.561111,-0.002196,0.0,0.035416,0.354155,0.083561,0.835611
2026-08-02 06:00:00,-2.582778,0.0,35.328691,83.413889,-0.002583,0.0,0.035329,0.353287,0.083414,0.834139
2026-08-02 07:00:00,-3.777437,0.0,35.167131,83.094444,-0.003777,0.0,0.035167,0.351671,0.083094,0.830944
2026-08-02 08:00:00,-5.184444,0.0,35.341667,83.13649,-0.005184,0.0,0.035342,0.353417,0.083136,0.831365
2026-08-02 09:00:00,-5.614444,0.0,35.080556,83.577778,-0.005614,0.0,0.035081,0.350806,0.083578,0.835778
2026-08-02 10:00:00,-6.028889,0.0,35.041667,83.431755,-0.006029,0.0,0.035042,0.350417,0.083432,0.834318
2026-08-02 11:00:00,-6.647911,-0.017778,34.758333,83.169444,-0.006648,-1.8e-05,0.034758,0.347583,0.083169,0.831694
2026-08-02 12:00:00,-7.405556,0.0,34.272222,82.791667,-0.007406,0.0,0.034272,0.342722,0.082792,0.827917
2026-08-02 13:00:00,-8.198333,0.0,33.832869,82.447222,-0.008198,0.0,0.033833,0.338329,0.082447,0.824472
2026-08-02 14:00:00,-9.048611,0.0,33.444444,82.008333,-0.009049,0.0,0.033444,0.334444,0.082008,0.820083
2026-08-02 15:00:00,-9.941667,0.0,32.947075,81.729805,-0.009942,0.0,0.032947,0.329471,0.08173,0.817298
2026-08-02 16:00:00,-10.350279,0.0,32.81337,81.661111,-0.01035,0.0,0.032813,0.328134,0.081661,0.816611
2026-08-02 17:00:00,-10.598889,0.0,32.513889,81.288889,-0.010599,0.0,0.032514,0.325139,0.081289,0.812889
2026-08-02 18:00:00,-10.867222,0.0,32.277778,80.522222,-0.010867,0.0,0.032278,0.322778,0.080522,0.805222
2026-08-02 19:00:00,-11.082073,0.0,31.9,80.330556,-0.011082,0.0,0.0319,0.319,0.080331,0.803306
2026-08-02 20:00:00,-11.1975,0.0,31.394444,80.208914,-0.011197,0.0,0.031394,0.313944,0.080209,0.802089
2026-08-02 21:00:00,-11.119167,-0.061944,31.027778,79.816156,-0.011119,-6.2e-05,0.031028,0.310278,0.079816,0.798162
2026-08-02 22:00:00,-11.001944,0.0,30.947075,79.794444,-0.011002,0.0,0.030947,0.309471,0.079794,0.797944
2026-08-02 23:00:00,-10.907799,0.0,31.102778,80.161111,-0.010908,0.0,0.031103,0.311028,0.080161,0.801611
2026-08-03 00:00:00,-10.9,-0.060556,30.875,80.122222,-0.0109,-6.1e-05,0.030875,0.30875,0.080122,0.801222
2026-08-03 01:00:00,-10.9,0.0,30.70195,80.189415,-0.0109,0.0,0.030702,0.307019,0.080189,0.801894
2026-08-03 02:00:00,-10.9,0.0,30.436111,79.55,-0.0109,0.0,0.030436,0.304361,0.07955,0.7955
2026-08-03 03:00:00,-10.91,0.0,30.186111,79.442897,-0.01091,0.0,0.030186,0.301861,0.079443,0.794429
2026-08-03 04:00:00,-10.978611,-0.030556,30.008333,79.058333,-0.010979,-3.1e-05,0.030008,0.300083,0.079058,0.790583
2026-08-03 05:00:00,-11.0,0.0,29.652778,78.938719,-0.011,0.0,0.029653,0.296528,0.078939,0.789387
2026-08-03 06:00:00,-10.969553,-0.030641,29.261111,78.519444,-0.01097,-3.1e-05,0.029261,0.292611,0.078519,0.785194
2026-08-03 07:00:00,-11.106685,0.0,29.083333,78.002778,-0.011107,0.0,0.029083,0.290833,0.078003,0.780028
2026-08-03 08:00:00,-11.504444,0.0,29.333333,77.916667,-0.011504,0.0,0.029333,0.293333,0.077917,0.779167
2026-08-03 11:00:00,-13.027887,0.0,28.890449,78.320225,-0.013028,0.0,0.02889,0.288904,0.07832,0.783202
2026-08-03 12:00:00,-13.551695,0.0,28.387187,77.8,-0.013552,0.0,0.028387,0.283872,0.0778,0.778
2026-08-03 13:00:00,-14.096919,-0.039444,28.188889,77.769444,-0.014097,-3.9e-05,0.028189,0.281889,0.077769,0.777694
2026-08-03 14:00:00,-14.583844,0.0,28.155989,77.358333,-0.014584,0.0,0.028156,0.28156,0.077358,0.773583
2026-08-03 15:00:00,-15.146667,0.0,28.103064,77.264624,-0.015147,0.0,0.028103,0.281031,0.077265,0.772646
2026-08-03 16:00:00,-15.556546,0.0,27.997222,77.069444,-0.015557,0.0,0.027997,0.279972,0.077069,0.770694
2026-08-03 17:00:00,-15.915278,0.0,27.7,76.952778,-0.015915,0.0,0.0277,0.277,0.076953,0.769528
2026-08-03 18:00:00,-16.116992,0.0,27.692737,76.641667,-0.016117,0.0,0.027693,0.276927,0.076642,0.766417
2026-08-03 19:00:00,-16.380277,-0.045833,27.504178,76.455556,-0.01638,-4.6e-05,0.027504,0.275042,0.076456,0.764556
2026-08-03 20:00:00,-16.500279,-0.045961,26.888579,76.469444,-0.0165,-4.6e-05,0.026889,0.268886,0.076469,0.764694
2026-08-03 21:00:00,-16.45766,0.0,26.626741,75.95,-0.016458,0.0,0.026627,0.266267,0.07595,0.7595
2026-08-03 22:00:00,-16.253889,-0.045556,26.550279,76.044444,-0.016254,-4.6e-05,0.02655,0.265503,0.076044,0.760444
2026-08-03 23:00:00,-16.105556,-0.044722,26.513889,76.297222,-0.016106,-4.5e-05,0.026514,0.265139,0.076297,0.762972
2026-08-04 00:00:00,-15.96,0.0,26.361111,76.02507,-0.01596,0.0,0.026361,0.263611,0.076025,0.760251
2026-08-04 01:00:00,-15.898889,0.0,26.161111,76.286111,-0.015899,0.0,0.026161,0.261611,0.076286,0.762861
2026-08-04 02:00:00,-15.91,-0.044167,25.858333,75.952778,-0.01591,-4.4e-05,0.025858,0.258583,0.075953,0.759528
2026-08-04 03:00:00,-15.890502,-0.044167,25.686111,75.305556,-0.015891,-4.4e-05,0.025686,0.256861,0.075306,0.753056
2026-08-04 04:00:00,-15.826111,0.0,25.625,75.158774,-0.015826,0.0,0.025625,0.25625,0.075159,0.751588
2026-08-04 05:00:00,-15.803889,-0.043889,25.477778,75.044568,-0.015804,-4.4e-05,0.025478,0.254778,0.075045,0.750446
2026-08-04 06:00:00,-15.759722,-0.043889,25.239554,74.775,-0.01576,-4.4e-05,0.02524,0.252396,0.074775,0.74775
2026-08-04 07:00:00,-15.897222,0.0,25.244444,74.352778,-0.015897,0.0,0.025244,0.252444,0.074353,0.743528
2026-08-04 08:00:00,-16.268889,-0.045,25.283333,74.420613,-0.016269,-4.5e-05,0.025283,0.252833,0.074421,0.744206
2026-08-04 09:00:00,-16.619445,-0.046667,25.397222,74.56546,-0.016619,-4.7e-05,0.025397,0.253972,0.074565,0.745655
2026-08-04 10:00:00,-16.918611,0.0,25.303621,74.552778,-0.016919,0.0,0.025304,0.253036,0.074553,0.745528
2026-08-04 11:00:00,-17.393889,-0.048056,25.183844,74.105556,-0.017394,-4.8e-05,0.025184,0.251838,0.074106,0.741056
2026-08-04 12:00:00,-17.845556,0.0,25.005571,73.938889,-0.017846,0.0,0.025006,0.250056,0.073939,0.739389
2026-08-04 13:00:00,-18.418207,0.0,24.872222,73.980556,-0.018418,0.0,0.024872,0.248722,0.073981,0.739806
2026-08-04 14:00:00,-18.933889,0.0,24.797222,74.211111,-0.018934,0.0,0.024797,0.247972,0.074211,0.742111
2026-08-04 15:00:00,-19.46,-0.05376,24.844444,74.183333,-0.01946,-5.4e-05,0.024844,0.248444,0.074183,0.741833
2026-08-04 16:00:00,-19.989444,0.0,24.715877,74.152778,-0.019989,0.0,0.024716,0.247159,0.074153,0.741528
2026-08-04 17:00:00,-20.60419,0.0,24.441667,74.113889,-0.020604,0.0,0.024442,0.244417,0.074114,0.741139
2026-08-04 18:00:00,-21.182402,0.0,24.48468,73.899721,-0.021182,0.0,0.024485,0.244847,0.0739,0.738997
2026-08-04 19:00:00,-21.586119,0.0,24.444444,73.933148,-0.021586,0.0,0.024444,0.244444,0.073933,0.739331
2026-08-04 20:00:00,-21.978551,0.0,24.25,73.704735,-0.021979,0.0,0.02425,0.2425,0.073705,0.737047
2026-08-04 21:00:00,-22.103612,0.0,23.897222,73.32312,-0.022104,0.0,0.023897,0.238972,0.073323,0.733231
2026-08-04 22:00:00,-21.8975,-0.061111,23.793872,73.325,-0.021897,-6.1e-05,0.023794,0.237939,0.073325,0.73325
2026-08-04 23:00:00,-21.618612,0.0,23.688889,73.388889,-0.021619,0.0,0.023689,0.236889,0.073389,0.733889
2026-08-05 00:00:00,-21.427222,0.0,23.666667,73.43454,-0.021427,0.0,0.023667,0.236667,0.073435,0.734345
2026-08-05 01:00:00,-21.300555,0.0,23.529248,73.422222,-0.021301,0.0,0.023529,0.235292,0.073422,0.734222
2026-08-05 02:00:00,-21.219723,0.0,23.355556,73.341667,-0.02122,0.0,0.023356,0.233556,0.073342,0.733417
2026-08-05 03:00:00,-21.141945,0.0,23.2,72.866667,-0.021142,0.0,0.0232,0.232,0.072867,0.728667
2026-08-05 04:00:00,-21.062674,0.0,22.961003,72.852778,-0.021063,0.0,0.022961,0.22961,0.072853,0.728528
2026-08-05 05:00:00,-20.987778,0.0,22.758333,72.634078,-0.020988,0.0,0.022758,0.227583,0.072634,0.726341
2026-08-05 06:00:00,-20.781111,0.0,22.536313,71.963889,-0.020781,0.0,0.022536,0.225363,0.071964,0.719639
2026-08-05 07:00:00,-20.873889,0.0,22.608333,71.883333,-0.020874,0.0,0.022608,0.226083,0.071883,0.718833
2026-08-05 08:00:00,-21.479888,0.0,22.713889,71.863889,-0.02148,0.0,0.022714,0.227139,0.071864,0.718639
2026-08-05 09:00:00,-22.075278,-0.061003,22.56546,72.166667,-0.022075,-6.1e-05,0.022565,0.225655,0.072167,0.721667
2026-08-05 10:00:00,-22.601944,0.0,22.547222,71.941667,-0.022602,0.0,0.022547,0.225472,0.071942,0.719417
2026-08-05 11:00:00,-23.225,-0.065181,22.258333,71.715084,-0.023225,-6.5e-05,0.022258,0.222583,0.071715,0.717151
2026-08-05 12:00:00,-23.913611,0.0,22.230556,71.533333,-0.023914,0.0,0.022231,0.222306,0.071533,0.715333
2026-08-05 13:00:00,-24.613055,-0.067967,22.233333,71.533333,-0.024613,-6.8e-05,0.022233,0.222333,0.071533,0.715333
2026-08-05 14:00:00,-25.344445,-0.070752,22.313889,71.513889,-0.025344,-7.1e-05,0.022314,0.223139,0.071514,0.715139
2026-08-05 15:00:00,-26.110833,-0.072778,22.270195,71.208333,-0.026111,-7.3e-05,0.02227,0.222702,0.071208,0.712083
2026-08-05 16:00:00,-26.8775,0.0,22.277778,71.158333,-0.026878,0.0,0.022278,0.222778,0.071158,0.711583
2026-08-05 17:00:00,-27.504722,0.0,22.186111,71.333333,-0.027505,0.0,0.022186,0.221861,0.071333,0.713333
2026-08-05 18:00:00,-28.176667,0.0,22.119777,71.247222,-0.028177,0.0,0.02212,0.221198,0.071247,0.712472
2026-08-05 19:00:00,-28.702786,-0.159218,22.086351,71.086111,-0.028703,-0.000159,0.022086,0.220864,0.071086,0.710861
2026-08-05 20:00:00,-29.050556,0.0,21.819444,70.86351,-0.029051,0.0,0.021819,0.218194,0.070864,0.708635
2026-08-05 21:00:00,-29.412777,0.0,21.45,70.594444,-0.029413,0.0,0.02145,0.2145,0.070594,0.705944
2026-08-05 22:00:00,-29.386629,0.0,21.48468,69.960894,-0.029387,0.0,0.021485,0.214847,0.069961,0.699609
2026-08-05 23:00:00,-29.231667,-0.081389,21.291667,70.325,-0.029232,-8.1e-05,0.021292,0.212917,0.070325,0.70325
2026-08-06 00:00:00,-29.156667,0.0,21.244444,70.472222,-0.029157,0.0,0.021244,0.212444,0.070472,0.704722
2026-08-06 01:00:00,-29.118889,0.0,21.225,70.441667,-0.029119,0.0,0.021225,0.21225,0.070442,0.704417
2026-08-06 02:00:00,-28.966945,0.0,21.041667,70.105556,-0.028967,0.0,0.021042,0.210417,0.070106,0.701056
2026-08-06 03:00:00,-28.968055,0.0,20.786111,69.869444,-0.028968,0.0,0.020786,0.207861,0.069869,0.698694
2026-08-06 04:00:00,-28.925277,0.0,20.491667,69.508333,-0.028925,0.0,0.020492,0.204917,0.069508,0.695083
2026-08-06 05:00:00,-28.887465,0.0,20.333333,69.275,-0.028887,0.0,0.020333,0.203333,0.069275,0.69275
2026-08-06 06:00:00,-28.830361,0.0,20.206128,69.047222,-0.02883,0.0,0.020206,0.202061,0.069047,0.690472
2026-08-06 07:00:00,-28.850417,-0.080223,20.148045,68.769444,-0.02885,-8e-05,0.020148,0.20148,0.068769,0.687694
2026-08-06 08:00:00,-29.259218,-0.081111,20.208333,68.686111,-0.029259,-8.1e-05,0.020208,0.202083,0.068686,0.686861
2026-08-06 09:00:00,-29.691061,0.0,20.164804,68.74581,-0.029691,0.0,0.020165,0.201648,0.068746,0.687458
2026-08-06 10:00:00,-30.343626,0.0,20.138418,68.556497,-0.030344,0.0,0.020138,0.201384,0.068556,0.685565
2026-08-06 11:00:00,-30.955,0.0,19.469444,68.302778,-0.030955,0.0,0.019469,0.194694,0.068303,0.683028
2026-08-06 12:00:00,-31.613889,-0.0875,18.690808,68.263305,-0.031614,-8.8e-05,0.018691,0.186908,0.068263,0.682633
2026-08-06 13:00:00,-32.320056,0.0,42.369444,68.077778,-0.03232,0.0,0.042369,0.423694,0.068078,0.680778
2026-08-06 14:00:00,-32.883334,-0.091111,36.286111,67.997222,-0.032883,-9.1e-05,0.036286,0.362861,0.067997,0.679972
2026-08-06 15:00:00,-32.630833,-0.091111,34.086111,68.153203,-0.032631,-9.1e-05,0.034086,0.340861,0.068153,0.681532
2026-08-06 16:00:00,-31.956944,0.0,32.957983,68.133333,-0.031957,0.0,0.032958,0.32958,0.068133,0.681333
2026-08-06 17:00:00,-31.074444,-0.085278,31.949861,68.041667,-0.031074,-8.5e-05,0.03195,0.319499,0.068042,0.680417
2026-08-06 18:00:00,-30.004444,0.0,31.544444,68.156425,-0.030004,0.0,0.031544,0.315444,0.068156,0.681564
2026-08-06 19:00:00,-29.066944,0.0,31.136111,68.266667,-0.029067,0.0,0.031136,0.311361,0.068267,0.682667
2026-08-06 20:00:00,-28.320056,-0.079444,30.169916,67.786111,-0.02832,-7.9e-05,0.03017,0.301699,0.067786,0.677861
2026-08-06 21:00:00,-27.477778,-0.129444,29.383333,67.138889,-0.027478,-0.000129,0.029383,0.293833,0.067139,0.671389
2026-08-06 22:00:00,-26.348889,-0.82486,28.958333,66.402778,-0.026349,-0.000825,0.028958,0.289583,0.066403,0.664028
2026-08-06 23:00:00,-25.081389,-1.093333,28.830556,66.411111,-0.025081,-0.001093,0.028831,0.288306,0.066411,0.664111
2026-08-07 00:00:00,-23.9575,-1.171667,28.522222,66.438889,-0.023958,-0.001172,0.028522,0.285222,0.066439,0.664389
2026-08-07 01:00:00,-22.956111,-1.238997,28.208914,66.050139,-0.022956,-0.001239,0.028209,0.282089,0.06605,0.660501
2026-08-07 02:00:00,-22.241389,-1.421111,27.85,65.911111,-0.022241,-0.001421,0.02785,0.2785,0.065911,0.659111
2026-08-07 03:00:00,-21.559444,-1.381337,27.561111,65.586111,-0.021559,-0.001381,0.027561,0.275611,0.065586,0.655861
2026-08-07 04:00:00,-20.912222,-1.433333,27.152778,65.205556,-0.020912,-0.001433,0.027153,0.271528,0.065206,0.652056
2026-08-07 05:00:00,-20.323611,-1.503889,26.935933,64.952778,-0.020324,-0.001504,0.026936,0.269359,0.064953,0.649528
2026-08-07 06:00:00,-19.876389,-1.581059,26.744444,64.977778,-0.019876,-0.001581,0.026744,0.267444,0.064978,0.649778
2026-08-07 07:00:00,-19.625278,-1.672222,26.561111,64.780556,-0.019625,-0.001672,0.026561,0.265611,0.064781,0.647806
2026-08-07 08:00:00,-19.6125,-1.842222,26.577778,64.480556,-0.019613,-0.001842,0.026578,0.265778,0.064481,0.644806
2026-08-07 09:00:00,-19.774722,-2.017827,26.383333,64.727778,-0.019775,-0.002018,0.026383,0.263833,0.064728,0.647278
2026-08-07 10:00:00,-20.050139,-2.226462,26.303621,64.696379,-0.02005,-0.002226,0.026304,0.263036,0.064696,0.646964
2026-08-07 11:00:00,-20.438889,-2.544011,26.002778,64.491667,-0.020439,-0.002544,0.026003,0.260028,0.064492,0.644917
2026-08-07 12:00:00,-20.990278,-3.02,25.913649,64.325,-0.02099,-0.00302,0.025914,0.259136,0.064325,0.64325
2026-08-07 13:00:00,-21.656667,-3.819722,25.766667,64.388889,-0.021657,-0.00382,0.025767,0.257667,0.064389,0.643889
2026-08-07 14:00:00,-22.305833,-4.786389,25.680556,64.272222,-0.022306,-0.004786,0.025681,0.256806,0.064272,0.642722
2026-08-07 15:00:00,-22.960278,-5.171111,25.469444,64.363889,-0.02296,-0.005171,0.025469,0.254694,0.064364,0.643639
2026-08-07 16:00:00,-23.770833,-5.396945,25.352778,64.295265,-0.023771,-0.005397,0.025353,0.253528,0.064295,0.642953
2026-08-07 17:00:00,-24.526944,-5.625627,25.164345,64.35,-0.024527,-0.005626,0.025164,0.251643,0.06435,0.6435
2026-08-07 18:00:00,-25.081944,-5.843056,25.069638,63.796657,-0.025082,-0.005843,0.02507,0.250696,0.063797,0.637967
2026-08-07 19:00:00,-25.714167,-6.049722,25.005571,63.730556,-0.025714,-0.00605,0.025006,0.250056,0.063731,0.637306
2026-08-07 20:00:00,-26.2125,-6.218384,24.416667,63.657382,-0.026212,-0.006218,0.024417,0.244167,0.063657,0.636574
2026-08-07 21:00:00,-26.333611,-6.330556,24.025,63.066667,-0.026334,-0.006331,0.024025,0.24025,0.063067,0.630667
2026-08-07 22:00:00,-26.136111,-6.400836,23.808333,62.533333,-0.026136,-0.006401,0.023808,0.238083,0.062533,0.625333
2026-08-07 23:00:00,-25.795,-6.467778,23.886111,62.626741,-0.025795,-0.006468,0.023886,0.238861,0.062627,0.626267
2026-08-08 00:00:00,-25.460167,-6.548324,23.682451,62.639665,-0.02546,-0.006548,0.023682,0.236825,0.06264,0.626397
2026-08-08 01:00:00,-25.232869,-6.643454,23.360335,62.587744,-0.025233,-0.006643,0.02336,0.233603,0.062588,0.625877
2026-08-08 02:00:00,-25.070556,-6.806389,23.225,62.186111,-0.025071,-0.006806,0.023225,0.23225,0.062186,0.621861
2026-08-08 03:00:00,-24.909722,-6.784167,23.022222,61.977778,-0.02491,-0.006784,0.023022,0.230222,0.061978,0.619778
2026-08-08 04:00:00,-24.716945,-6.818056,22.636111,61.588889,-0.024717,-0.006818,0.022636,0.226361,0.061589,0.615889
2026-08-08 05:00:00,-24.543611,-6.895,22.330556,61.505556,-0.024544,-0.006895,0.022331,0.223306,0.061506,0.615056
2026-08-08 06:00:00,-24.329166,-6.905,22.258333,61.163889,-0.024329,-0.006905,0.022258,0.222583,0.061164,0.611639
2026-08-08 07:00:00,-24.314166,-6.982778,22.178273,60.622222,-0.024314,-0.006983,0.022178,0.221783,0.060622,0.606222
2026-08-08 08:00:00,-24.482123,-7.136111,22.097222,60.752778,-0.024482,-0.007136,0.022097,0.220972,0.060753,0.607528
2026-08-08 09:00:00,-25.037222,-7.356902,22.181564,61.013928,-0.025037,-0.007357,0.022182,0.221816,0.061014,0.610139
2026-08-08 10:00:00,-25.786389,-7.47,21.930556,60.741667,-0.025786,-0.00747,0.021931,0.219306,0.060742,0.607417
2026-08-08 11:00:00,-26.529722,-7.673611,21.861111,60.830084,-0.02653,-0.007674,0.021861,0.218611,0.06083,0.608301
2026-08-08 12:00:00,-27.373611,-7.9275,21.833333,60.519444,-0.027374,-0.007928,0.021833,0.218333,0.060519,0.605194
2026-08-08 13:00:00,-28.216111,-8.268994,21.663889,60.291667,-0.028216,-0.008269,0.021664,0.216639,0.060292,0.602917
2026-08-08 14:00:00,-29.260556,-8.501667,21.441667,60.075,-0.029261,-0.008502,0.021442,0.214417,0.060075,0.60075
2026-08-08 15:00:00,-30.224167,-8.788055,21.511111,59.669444,-0.030224,-0.008788,0.021511,0.215111,0.059669,0.596694
2026-08-08 16:00:00,-31.100833,-9.072778,21.541667,59.775,-0.031101,-0.009073,0.021542,0.215417,0.059775,0.59775
2026-08-08 17:00:00,-31.911699,-9.227222,21.452778,59.681564,-0.031912,-0.009227,0.021453,0.214528,0.059682,0.596816
2026-08-08 18:00:00,-32.693611,-9.480223,21.369444,59.401114,-0.032694,-0.00948,0.021369,0.213694,0.059401,0.594011
2026-08-08 19:00:00,-33.390555,-9.656389,21.172222,59.119444,-0.033391,-0.009656,0.021172,0.211722,0.059119,0.591194
2026-08-08 20:00:00,-34.018663,-9.783566,20.933333,58.808333,-0.034019,-0.009784,0.020933,0.209333,0.058808,0.588083
2026-08-08 21:00:00,-34.371944,-9.886667,20.616667,58.372222,-0.034372,-0.009887,0.020617,0.206167,0.058372,0.583722
2026-08-08 22:00:00,-34.55361,-9.81,20.577778,58.0,-0.034554,-0.00981,0.020578,0.205778,0.058,0.58
2026-08-08 23:00:00,-34.448334,-9.863889,20.544444,58.275,-0.034448,-0.009864,0.020544,0.205444,0.058275,0.58275
2026-08-09 00:00:00,-34.391946,-9.944444,20.469444,58.206128,-0.034392,-0.009944,0.020469,0.204694,0.058206,0.582061
2026-08-09 01:00:00,-34.287466,-10.000279,20.236769,57.796657,-0.034287,-0.01,0.020237,0.202368,0.057797,0.577967
2026-08-09 02:00:00,-34.389168,-10.098056,20.008357,57.7,-0.034389,-0.010098,0.020008,0.200084,0.0577,0.577
2026-08-09 03:00:00,-34.345556,-10.095278,19.772222,57.222222,-0.034346,-0.010095,0.019772,0.197722,0.057222,0.572222
2026-08-09 04:00:00,-34.254722,-10.1,19.575,57.063889,-0.034255,-0.0101,0.019575,0.19575,0.057064,0.570639
2026-08-09 05:00:00,-34.153055,-10.1,19.380556,56.719444,-0.034153,-0.0101,0.019381,0.193806,0.056719,0.567194
2026-08-09 06:00:00,-34.072777,-10.101389,19.213889,56.573816,-0.034073,-0.010101,0.019214,0.192139,0.056574,0.565738
2026-08-09 07:00:00,-33.964166,-10.1575,19.161111,56.266667,-0.033964,-0.010158,0.019161,0.191611,0.056267,0.562667
2026-08-09 08:00:00,-34.381944,-10.271588,19.275,56.094444,-0.034382,-0.010272,0.019275,0.19275,0.056094,0.560944
2026-08-09 09:00:00,-34.903056,-10.452646,19.345404,56.186111,-0.034903,-0.010453,0.019345,0.193454,0.056186,0.561861
2026-08-09 10:00:00,-35.520056,-10.571111,19.102778,56.13649,-0.03552,-0.010571,0.019103,0.191028,0.056136,0.561365
2026-08-09 11:00:00,-36.212778,-10.697778,19.075,55.944444,-0.036213,-0.010698,0.019075,0.19075,0.055944,0.559444
2026-08-09 12:00:00,-36.957778,-10.763333,18.844444,55.869444,-0.036958,-0.010763,0.018844,0.188444,0.055869,0.558694
2026-08-09 13:00:00,-37.589415,-10.939444,18.693593,55.622222,-0.037589,-0.010939,0.018694,0.186936,0.055622,0.556222
2026-08-09 14:00:00,-38.427778,-11.094445,18.738889,55.380556,-0.038428,-0.011094,0.018739,0.187389,0.055381,0.553806
2026-08-09 15:00:00,-39.172778,-11.251253,18.8,55.302778,-0.039173,-0.011251,0.0188,0.188,0.055303,0.553028
2026-08-09 16:00:00,-39.904178,-11.369166,18.916667,55.2,-0.039904,-0.011369,0.018917,0.189167,0.0552,0.552
2026-08-09 17:00:00,-40.716389,-11.479444,18.988858,55.150418,-0.040716,-0.011479,0.018989,0.189889,0.05515,0.551504
2026-08-09 18:00:00,-41.542179,-11.600557,18.938889,55.044568,-0.041542,-0.011601,0.018939,0.189389,0.055045,0.550446
2026-08-09 19:00:00,-42.493017,-11.698324,18.793296,54.73743,-0.042493,-0.011698,0.018793,0.187933,0.054737,0.547374
2026-08-09 20:00:00,-43.442897,-11.702228,18.406685,54.308333,-0.043443,-0.011702,0.018407,0.184067,0.054308,0.543083
2026-08-09 21:00:00,-44.064167,-11.700833,18.1,53.908333,-0.044064,-0.011701,0.0181,0.181,0.053908,0.539083
2026-08-09 22:00:00,-44.567222,-11.7,18.072222,53.675,-0.044567,-0.0117,0.018072,0.180722,0.053675,0.53675
2026-08-09 23:00:00,-44.857103,-11.7,17.863128,53.622905,-0.044857,-0.0117,0.017863,0.178631,0.053623,0.536229
2026-08-10 00:00:00,-45.161389,-11.701666,17.85,53.258333,-0.045161,-0.011702,0.01785,0.1785,0.053258,0.532583
2026-08-10 01:00:00,-45.435834,-11.718055,17.587744,53.088889,-0.045436,-0.011718,0.017588,0.175877,0.053089,0.530889
2026-08-10 02:00:00,-45.714763,-11.783566,17.440111,52.752089,-0.045715,-0.011784,0.01744,0.174401,0.052752,0.527521
2026-08-10 03:00:00,-45.969445,-11.8,17.194444,52.419444,-0.045969,-0.0118,0.017194,0.171944,0.052419,0.524194
2026-08-10 04:00:00,-46.2,-11.8,16.997222,52.239554,-0.0462,-0.0118,0.016997,0.169972,0.05224,0.522396
2026-08-10 05:00:00,-46.392223,-11.8,16.833333,51.97493,-0.046392,-0.0118,0.016833,0.168333,0.051975,0.519749
2026-08-10 06:00:00,-46.577499,-11.807222,16.591667,51.65,-0.046577,-0.011807,0.016592,0.165917,0.05165,0.5165
2026-08-10 07:00:00,-46.739722,-11.8675,16.569444,51.336111,-0.04674,-0.011867,0.016569,0.165694,0.051336,0.513361
2026-08-10 08:00:00,-46.995278,-12.156945,16.730556,51.227778,-0.046995,-0.012157,0.016731,0.167306,0.051228,0.512278
2026-08-10 09:00:00,-47.617549,-12.236944,16.769444,51.430556,-0.047618,-0.012237,0.016769,0.167694,0.051431,0.514306
2026-08-10 10:00:00,-48.408055,-12.361944,16.736111,51.277778,-0.048408,-0.012362,0.016736,0.167361,0.051278,0.512778
2026-08-10 11:00:00,-49.256111,-12.507799,16.691667,51.302778,-0.049256,-0.012508,0.016692,0.166917,0.051303,0.513028
2026-08-10 12:00:00,-50.013889,-12.665833,16.56546,51.186111,-0.050014,-0.012666,0.016565,0.165655,0.051186,0.511861
2026-08-10 13:00:00,-51.090251,-13.093036,16.519444,51.105556,-0.05109,-0.013093,0.016519,0.165194,0.051106,0.511056
2026-08-10 14:00:00,-51.043902,-13.001235,16.512195,50.926829,-0.051044,-0.013001,0.016512,0.165122,0.050927,0.509268
2026-08-12 11:00:00,-81.791785,-16.832011,13.719547,43.490085,-0.081792,-0.016832,0.01372,0.137195,0.04349,0.434901
2026-08-12 12:00:00,-84.281111,-17.105556,13.787709,43.358333,-0.084281,-0.017106,0.013788,0.137877,0.043358,0.433583
2026-08-12 13:00:00,-86.558333,-17.351666,13.70195,43.263889,-0.086558,-0.017352,0.013702,0.137019,0.043264,0.432639
2026-08-12 14:00:00,-88.860335,-17.590556,13.651811,43.080556,-0.08886,-0.017591,0.013652,0.136518,0.043081,0.430806
2026-08-12 15:00:00,-56.856111,-17.819444,161.625,42.913889,-0.056856,-0.017819,0.161625,1.61625,0.042914,0.429139
2026-08-12 16:00:00,-54.504444,-17.983889,129.78273,42.811111,-0.054504,-0.017984,0.129783,1.297827,0.042811,0.428111
2026-08-12 17:00:00,-53.335278,-18.108612,119.294444,42.744444,-0.053335,-0.018109,0.119294,1.192944,0.042744,0.427444
2026-08-12 18:00:00,-52.243056,-18.221945,113.255556,42.872222,-0.052243,-0.018222,0.113256,1.132556,0.042872,0.428722
2026-08-12 19:00:00,-51.35961,-18.298049,108.727019,42.771588,-0.05136,-0.018298,0.108727,1.08727,0.042772,0.427716
2026-08-12 20:00:00,-50.705556,-18.257222,105.644444,42.227778,-0.050706,-0.018257,0.105644,1.056444,0.042228,0.422278
2026-08-12 21:00:00,-50.005833,-18.141389,102.640669,41.89415,-0.050006,-0.018141,0.102641,1.026407,0.041894,0.418942
2026-08-12 22:00:00,-48.959053,-18.068889,101.072222,41.727778,-0.048959,-0.018069,0.101072,1.010722,0.041728,0.417278
2026-08-12 23:00:00,-47.926944,-17.908889,99.927778,41.711111,-0.047927,-0.017909,0.099928,0.999278,0.041711,0.417111
2026-08-13 00:00:00,-47.084167,-17.900277,98.591667,41.504178,-0.047084,-0.0179,0.098592,0.985917,0.041504,0.415042
2026-08-13 01:00:00,-46.170278,-17.9,97.241667,41.119444,-0.04617,-0.0179,0.097242,0.972417,0.041119,0.411194
2026-08-13 02:00:00,-45.409749,-17.975833,95.680556,40.947222,-0.04541,-0.017976,0.095681,0.956806,0.040947,0.409472
2026-08-13 03:00:00,-44.784167,-17.89805,94.916667,40.694444,-0.044784,-0.017898,0.094917,0.949167,0.040694,0.406944
2026-08-13 04:00:00,-43.702222,-17.898333,93.788301,40.677778,-0.043702,-0.017898,0.093788,0.937883,0.040678,0.406778
2026-08-13 05:00:00,-43.389722,-17.898055,92.913889,40.275,-0.04339,-0.017898,0.092914,0.929139,0.040275,0.40275
2026-08-13 06:00:00,-42.712222,-17.968055,92.036111,39.919444,-0.042712,-0.017968,0.092036,0.920361,0.039919,0.399194
2026-08-13 07:00:00,-41.990529,-17.912222,90.975,39.788889,-0.041991,-0.017912,0.090975,0.90975,0.039789,0.397889
2026-08-13 08:00:00,-41.360167,-18.139445,90.448468,39.833333,-0.04136,-0.018139,0.090448,0.904485,0.039833,0.398333
2026-08-13 09:00:00,-41.144166,-18.327499,89.752778,39.955556,-0.041144,-0.018327,0.089753,0.897528,0.039956,0.399556
2026-08-13 10:00:00,-41.107499,-18.563611,88.362117,39.913649,-0.041107,-0.018564,0.088362,0.883621,0.039914,0.399136
2026-08-13 11:00:00,-41.163055,-18.711389,87.644444,39.833333,-0.041163,-0.018711,0.087644,0.876444,0.039833,0.398333
2026-08-13 12:00:00,-41.213611,-18.939166,86.283333,39.875,-0.041214,-0.018939,0.086283,0.862833,0.039875,0.39875
2026-08-13 13:00:00,-41.543333,-19.174723,84.980556,39.85,-0.041543,-0.019175,0.084981,0.849806,0.03985,0.3985
2026-08-13 14:00:00,-41.649722,-19.4725,84.216667,39.919444,-0.04165,-0.019472,0.084217,0.842167,0.039919,0.399194
2026-08-13 15:00:00,-41.953611,-19.658218,83.227778,40.013889,-0.041954,-0.019658,0.083228,0.832278,0.040014,0.400139
2026-08-13 16:00:00,-42.429444,-19.864722,82.588889,39.991667,-0.042429,-0.019865,0.082589,0.825889,0.039992,0.399917
2026-08-13 17:00:00,-42.763889,-20.1,81.930556,39.899721,-0.042764,-0.0201,0.081931,0.819306,0.0399,0.398997
2026-08-13 18:00:00,-43.0825,-20.194445,81.117318,40.066667,-0.043082,-0.020194,0.081117,0.811173,0.040067,0.400667
2026-08-13 19:00:00,-43.43,-20.29111,80.302778,39.863889,-0.04343,-0.020291,0.080303,0.803028,0.039864,0.398639
2026-08-13 20:00:00,-43.79805,-20.22117,79.236769,39.722222,-0.043798,-0.020221,0.079237,0.792368,0.039722,0.397222
2026-08-13 21:00:00,-43.996667,-20.045834,78.388889,39.389972,-0.043997,-0.020046,0.078389,0.783889,0.03939,0.3939
2026-08-13 22:00:00,-43.615555,-19.83743,77.816156,39.133333,-0.043616,-0.019837,0.077816,0.778162,0.039133,0.391333
2026-08-13 23:00:00,-43.340556,-19.764722,77.322222,39.072222,-0.043341,-0.019765,0.077322,0.773222,0.039072,0.390722
2026-08-14 00:00:00,-43.064722,-19.705278,77.052925,38.894444,-0.043065,-0.019705,0.077053,0.770529,0.038894,0.388944
2026-08-14 01:00:00,-42.751397,-19.76389,76.598886,38.613889,-0.042751,-0.019764,0.076599,0.765989,0.038614,0.386139
2026-08-14 02:00:00,-42.694166,-19.692501,75.908333,38.313889,-0.042694,-0.019693,0.075908,0.759083,0.038314,0.383139
2026-08-14 03:00:00,-42.478333,-19.712778,75.447222,38.022222,-0.042478,-0.019713,0.075447,0.754472,0.038022,0.380222
2026-08-14 04:00:00,-42.204722,-19.608334,74.852778,38.066667,-0.042205,-0.019608,0.074853,0.748528,0.038067,0.380667
2026-08-14 05:00:00,-41.935933,-19.603056,74.469444,37.397222,-0.041936,-0.019603,0.074469,0.744694,0.037397,0.373972
2026-08-14 06:00:00,-41.673333,-19.664067,73.819444,37.233333,-0.041673,-0.019664,0.073819,0.738194,0.037233,0.372333
2026-08-14 07:00:00,-41.298334,-19.632778,73.380556,37.183333,-0.041298,-0.019633,0.073381,0.733806,0.037183,0.371833
2026-08-14 08:00:00,-41.326816,-19.981894,73.222841,37.128492,-0.041327,-0.019982,0.073223,0.732228,0.037128,0.371285
2026-08-14 09:00:00,-41.725555,-20.24,72.733333,37.211111,-0.041726,-0.02024,0.072733,0.727333,0.037211,0.372111
2026-08-14 10:00:00,-42.271111,-20.658496,72.188889,37.233983,-0.042271,-0.020658,0.072189,0.721889,0.037234,0.37234
2026-08-14 11:00:00,-42.884722,-20.740833,71.094444,37.1,-0.042885,-0.020741,0.071094,0.710944,0.0371,0.371
2026-08-14 12:00:00,-43.509444,-21.038827,70.222841,36.969444,-0.043509,-0.021039,0.070223,0.702228,0.036969,0.369694
2026-08-14 13:00:00,-44.193056,-21.355278,69.86351,36.911111,-0.044193,-0.021355,0.069864,0.698635,0.036911,0.369111
2026-08-14 14:00:00,-44.922005,-21.694445,69.425,37.013889,-0.044922,-0.021694,0.069425,0.69425,0.037014,0.370139
2026-08-14 15:00:00,-45.69,-22.1075,68.821727,37.219444,-0.04569,-0.022108,0.068822,0.688217,0.037219,0.372194
2026-08-14 16:00:00,-46.523611,-22.568889,68.222841,37.258333,-0.046524,-0.022569,0.068223,0.682228,0.037258,0.372583
2026-08-14 17:00:00,-47.339444,-22.848889,67.875,37.275,-0.047339,-0.022849,0.067875,0.67875,0.037275,0.37275
2026-08-14 18:00:00,-48.035556,-23.153056,66.919444,37.241667,-0.048036,-0.023153,0.066919,0.669194,0.037242,0.372417
2026-08-14 19:00:00,-49.038333,-23.348611,65.947075,36.791667,-0.049038,-0.023349,0.065947,0.659471,0.036792,0.367917
2026-08-14 20:00:00,-49.918333,-23.459887,65.402817,36.486111,-0.049918,-0.02346,0.065403,0.654028,0.036486,0.364861
2026-08-14 21:00:00,-50.686945,-23.222841,64.534819,36.036111,-0.050687,-0.023223,0.064535,0.645348,0.036036,0.360361
2026-08-14 22:00:00,-51.026389,-22.921944,64.308333,35.911111,-0.051026,-0.022922,0.064308,0.643083,0.035911,0.359111
2026-08-14 23:00:00,-51.26,-22.833611,63.971989,35.902778,-0.05126,-0.022834,0.063972,0.63972,0.035903,0.359028
2026-08-15 00:00:00,-51.504167,-22.634445,63.675,35.713889,-0.051504,-0.022634,0.063675,0.63675,0.035714,0.357139
2026-08-15 01:00:00,-51.715278,-22.533333,63.208333,35.339833,-0.051715,-0.022533,0.063208,0.632083,0.03534,0.353398
2026-08-15 02:00:00,-51.886667,-22.448611,62.733333,34.916667,-0.051887,-0.022449,0.062733,0.627333,0.034917,0.349167
2026-08-15 03:00:00,-52.000838,-22.380555,62.238889,34.719444,-0.052001,-0.022381,0.062239,0.622389,0.034719,0.347194
2026-08-15 04:00:00,-52.064722,-22.311388,62.036111,34.361111,-0.052065,-0.022311,0.062036,0.620361,0.034361,0.343611
2026-08-15 05:00:00,-52.153333,-22.251944,61.377778,34.161111,-0.052153,-0.022252,0.061378,0.613778,0.034161,0.341611
2026-08-15 06:00:00,-52.203064,-22.158939,61.187151,33.941504,-0.052203,-0.022159,0.061187,0.611872,0.033942,0.339415
2026-08-15 07:00:00,-52.093888,-22.097223,60.638889,33.838889,-0.052094,-0.022097,0.060639,0.606389,0.033839,0.338389
2026-08-15 08:00:00,-52.143333,-22.623611,61.044568,33.894444,-0.052143,-0.022624,0.061045,0.610446,0.033894,0.338944
2026-08-15 09:00:00,-52.64234,-23.048611,60.852368,34.011142,-0.052642,-0.023049,0.060852,0.608524,0.034011,0.340111
2026-08-15 10:00:00,-53.307778,-23.391389,60.277778,34.025,-0.053308,-0.023391,0.060278,0.602778,0.034025,0.34025
2026-08-15 11:00:00,-54.070278,-18.968436,59.547222,52.880556,-0.05407,-0.018968,0.059547,0.595472,0.052881,0.528806
2026-08-15 12:00:00,-54.852222,-5.104167,59.025,62.675,-0.054852,-0.005104,0.059025,0.59025,0.062675,0.62675
2026-08-15 13:00:00,-55.565,-2.202222,58.619444,56.019444,-0.055565,-0.002202,0.058619,0.586194,0.056019,0.560194
2026-08-15 14:00:00,-56.5675,-2.007222,58.122222,52.702778,-0.056568,-0.002007,0.058122,0.581222,0.052703,0.527028
2026-08-15 15:00:00,-57.383055,-2.075278,57.741667,50.605556,-0.057383,-0.002075,0.057742,0.577417,0.050606,0.506056
2026-08-15 16:00:00,-58.229444,-2.549722,57.508333,49.172222,-0.058229,-0.00255,0.057508,0.575083,0.049172,0.491722
2026-08-15 17:00:00,-59.104722,-3.383008,57.091667,48.041667,-0.059105,-0.003383,0.057092,0.570917,0.048042,0.480417
2026-08-15 18:00:00,-60.095556,-4.220056,56.413889,47.033333,-0.060096,-0.00422,0.056414,0.564139,0.047033,0.470333
2026-08-15 19:00:00,-60.765555,-5.045278,56.283333,45.994444,-0.060766,-0.005045,0.056283,0.562833,0.045994,0.459944
2026-08-15 20:00:00,-61.705833,-5.263889,55.888579,45.294444,-0.061706,-0.005264,0.055889,0.558886,0.045294,0.452944
2026-08-15 21:00:00,-62.328134,-5.444722,55.322222,44.579387,-0.062328,-0.005445,0.055322,0.553222,0.044579,0.445794
2026-08-15 22:00:00,-62.677778,-5.597222,55.086111,44.172702,-0.062678,-0.005597,0.055086,0.550861,0.044173,0.441727
2026-08-15 23:00:00,-63.026389,-5.974167,55.047222,43.786111,-0.063026,-0.005974,0.055047,0.550472,0.043786,0.437861
2026-08-16 00:00:00,-63.467688,-6.025556,54.633333,43.466667,-0.063468,-0.006026,0.054633,0.546333,0.043467,0.434667
2026-08-16 01:00:00,-63.830834,-6.220555,54.158333,43.013889,-0.063831,-0.006221,0.054158,0.541583,0.043014,0.430139
2026-08-16 02:00:00,-64.109165,-6.383056,53.830556,42.477778,-0.064109,-0.006383,0.053831,0.538306,0.042478,0.424778
2026-08-16 03:00:00,-64.107223,-6.545278,53.477778,42.144847,-0.064107,-0.006545,0.053478,0.534778,0.042145,0.421448
2026-08-16 04:00:00,-64.389417,-6.718106,53.161111,42.038889,-0.064389,-0.006718,0.053161,0.531611,0.042039,0.420389
2026-08-16 05:00:00,-64.442501,-6.909167,53.211111,41.786111,-0.064443,-0.006909,0.053211,0.532111,0.041786,0.417861
2026-08-16 06:00:00,-64.474652,-7.217827,53.083565,41.520891,-0.064475,-0.007218,0.053084,0.530836,0.041521,0.415209
2026-08-16 07:00:00,-64.446112,-7.208611,52.869444,41.245125,-0.064446,-0.007209,0.052869,0.528694,0.041245,0.412451
2026-08-16 08:00:00,-64.47883,-7.475,52.991667,41.286908,-0.064479,-0.007475,0.052992,0.529917,0.041287,0.412869
2026-08-16 09:00:00,-64.966667,-7.865833,52.619444,41.277778,-0.064967,-0.007866,0.052619,0.526194,0.041278,0.412778
2026-08-16 10:00:00,-65.691922,-8.218611,52.35,41.066667,-0.065692,-0.008219,0.05235,0.5235,0.041067,0.410667
2026-08-16 11:00:00,-66.341177,-8.542222,51.983333,40.816667,-0.066341,-0.008542,0.051983,0.519833,0.040817,0.408167
2026-08-16 12:00:00,-67.184122,-8.853333,51.479109,40.462396,-0.067184,-0.008853,0.051479,0.514791,0.040462,0.404624
2026-08-16 13:00:00,-68.151389,-9.3039,50.813889,40.211699,-0.068151,-0.009304,0.050814,0.508139,0.040212,0.402117
2026-08-16 14:00:00,-68.909166,-9.429526,50.175,39.919444,-0.068909,-0.00943,0.050175,0.50175,0.039919,0.399194
2026-08-16 15:00:00,-69.781667,-9.81,50.138889,39.766667,-0.069782,-0.00981,0.050139,0.501389,0.039767,0.397667
2026-08-16 16:00:00,-70.708056,-10.103611,49.675,39.338889,-0.070708,-0.010104,0.049675,0.49675,0.039339,0.393389
2026-08-16 17:00:00,-71.588611,-10.288333,49.141667,38.961003,-0.071589,-0.010288,0.049142,0.491417,0.038961,0.38961
2026-08-16 18:00:00,-72.498056,-10.49,49.008333,38.563889,-0.072498,-0.01049,0.049008,0.490083,0.038564,0.385639
2026-08-16 19:00:00,-73.575833,-10.712778,48.448468,38.286111,-0.073576,-0.010713,0.048448,0.484485,0.038286,0.382861
2026-08-16 20:00:00,-74.690808,-10.917039,47.783333,37.85,-0.074691,-0.010917,0.047783,0.477833,0.03785,0.3785
2026-08-16 21:00:00,-75.564722,-11.001111,47.119444,37.441667,-0.075565,-0.011001,0.047119,0.471194,0.037442,0.374417
2026-08-16 22:00:00,-75.932501,-11.005014,47.166667,37.236769,-0.075933,-0.011005,0.047167,0.471667,0.037237,0.372368
2026-08-16 23:00:00,-76.305571,-11.095,47.130556,37.216667,-0.076306,-0.011095,0.047131,0.471306,0.037217,0.372167
2026-08-17 00:00:00,-76.666666,-11.191944,46.808333,36.897222,-0.076667,-0.011192,0.046808,0.468083,0.036897,0.368972
2026-08-17 01:00:00,-77.334262,-11.28468,46.601671,36.768802,-0.077334,-0.011285,0.046602,0.466017,0.036769,0.367688
2026-08-17 02:00:00,-77.994972,-11.321111,46.35376,36.502778,-0.077995,-0.011321,0.046354,0.463538,0.036503,0.365028
2026-08-17 03:00:00,-78.701671,-11.399444,46.052778,36.211111,-0.078702,-0.011399,0.046053,0.460528,0.036211,0.362111
2026-08-17 04:00:00,-78.962778,-11.461944,45.688889,36.066852,-0.078963,-0.011462,0.045689,0.456889,0.036067,0.360669
2026-08-17 05:00:00,-79.426666,-11.5,45.552778,35.861111,-0.079427,-0.0115,0.045553,0.455528,0.035861,0.358611
2026-08-17 06:00:00,-80.020834,-11.52,45.417827,35.591667,-0.080021,-0.01152,0.045418,0.454178,0.035592,0.355917
2026-08-17 07:00:00,-80.367222,-11.592223,45.225,35.469444,-0.080367,-0.011592,0.045225,0.45225,0.035469,0.354694
2026-08-17 08:00:00,-80.293036,-11.663129,45.161111,35.760446,-0.080293,-0.011663,0.045161,0.451611,0.03576,0.357604
2026-08-17 09:00:00,-81.773333,-11.879722,45.225,35.838889,-0.081773,-0.01188,0.045225,0.45225,0.035839,0.358389
2026-08-17 10:00:00,-84.141389,-12.093872,44.952646,35.808333,-0.084141,-0.012094,0.044953,0.449526,0.035808,0.358083
2026-08-17 11:00:00,-86.699435,-12.337571,43.672316,35.310734,-0.086699,-0.012338,0.043672,0.436723,0.035311,0.353107
2026-08-17 12:00:00,-89.256111,-12.799444,41.75,34.722222,-0.089256,-0.012799,0.04175,0.4175,0.034722,0.347222
2026-08-17 13:00:00,-91.624722,-13.209167,41.6,34.586111,-0.091625,-0.013209,0.0416,0.416,0.034586,0.345861
2026-08-17 14:00:00,-93.327222,-13.546667,41.322222,34.675,-0.093327,-0.013547,0.041322,0.413222,0.034675,0.34675
2026-08-17 15:00:00,-95.131389,-13.908056,41.341667,34.7,-0.095131,-0.013908,0.041342,0.413417,0.0347,0.347
2026-08-17 16:00:00,-97.196111,-14.238333,41.275,34.715877,-0.097196,-0.014238,0.041275,0.41275,0.034716,0.347159
2026-08-17 17:00:00,-99.521111,-14.768611,41.222222,34.719444,-0.099521,-0.014769,0.041222,0.412222,0.034719,0.347194
2026-08-17 18:00:00,-101.844167,-14.83,40.958217,34.662953,-0.101844,-0.01483,0.040958,0.409582,0.034663,0.34663
2026-08-17 19:00:00,-105.086945,-15.072222,40.658333,34.477778,-0.105087,-0.015072,0.040658,0.406583,0.034478,0.344778
2026-08-17 20:00:00,-110.237709,-15.19415,40.050139,34.189415,-0.110238,-0.015194,0.04005,0.400501,0.034189,0.341894
2026-08-17 21:00:00,-114.202228,-15.167222,39.747222,33.927778,-0.114202,-0.015167,0.039747,0.397472,0.033928,0.339278
2026-08-17 22:00:00,-116.125278,-15.040833,39.575,33.755556,-0.116125,-0.015041,0.039575,0.39575,0.033756,0.337556
2026-08-17 23:00:00,-117.359167,-15.0,39.611111,33.647222,-0.117359,-0.015,0.039611,0.396111,0.033647,0.336472
2026-08-18 00:00:00,-119.190278,-15.0,39.35,33.388889,-0.11919,-0.015,0.03935,0.3935,0.033389,0.333889
2026-08-18 01:00:00,-121.255278,-15.295278,39.027778,33.155556,-0.121255,-0.015295,0.039028,0.390278,0.033156,0.331556
2026-08-18 02:00:00,-124.025,-15.000278,38.75,32.994444,-0.124025,-0.015,0.03875,0.3875,0.032994,0.329944
2026-08-18 03:00:00,-126.115,-15.000278,38.402778,32.655556,-0.126115,-0.015,0.038403,0.384028,0.032656,0.326556
2026-08-18 04:00:00,-127.963231,-15.001389,38.130556,32.308333,-0.127963,-0.015001,0.038131,0.381306,0.032308,0.323083
2026-08-18 05:00:00,-129.624722,-15.012222,38.091667,32.258333,-0.129625,-0.015012,0.038092,0.380917,0.032258,0.322583
2026-08-18 06:00:00,-131.098056,-15.056389,37.997222,32.022284,-0.131098,-0.015056,0.037997,0.379972,0.032022,0.320223
2026-08-18 07:00:00,-132.087222,-15.088827,37.741667,31.952778,-0.132087,-0.015089,0.037742,0.377417,0.031953,0.319528
2026-08-18 08:00:00,-132.671309,-15.273055,37.725,32.072222,-0.132671,-0.015273,0.037725,0.37725,0.032072,0.320722
2026-08-18 09:00:00,-134.274094,-15.606407,37.810585,32.019499,-0.134274,-0.015606,0.037811,0.378106,0.032019,0.320195
2026-08-18 10:00:00,-137.488301,-16.29,37.6,32.058333,-0.137488,-0.01629,0.0376,0.376,0.032058,0.320583
2026-08-18 11:00:00,-140.629722,-16.322006,37.552778,32.033333,-0.14063,-0.016322,0.037553,0.375528,0.032033,0.320333
2026-08-18 12:00:00,-143.896389,-16.7175,37.155556,31.936111,-0.143896,-0.016718,0.037156,0.371556,0.031936,0.319361
2026-08-18 13:00:00,-146.684723,-17.105556,36.863889,31.775,-0.146685,-0.017106,0.036864,0.368639,0.031775,0.31775
2026-08-18 14:00:00,-148.835278,-17.487744,36.661111,31.880556,-0.148835,-0.017488,0.036661,0.366611,0.031881,0.318806
2026-08-18 15:00:00,-150.988333,-18.259167,36.541667,32.027778,-0.150988,-0.018259,0.036542,0.365417,0.032028,0.320278
2026-08-18 16:00:00,-153.975209,-18.288055,36.408333,32.016667,-0.153975,-0.018288,0.036408,0.364083,0.032017,0.320167
2026-08-18 17:00:00,-156.7725,-18.617778,36.236111,31.955556,-0.156773,-0.018618,0.036236,0.362361,0.031956,0.319556
2026-08-18 18:00:00,-159.356389,-18.899164,36.186111,31.838889,-0.159356,-0.018899,0.036186,0.361861,0.031839,0.318389
2026-08-18 19:00:00,-162.762953,-19.135001,35.913649,31.788301,-0.162763,-0.019135,0.035914,0.359136,0.031788,0.317883
2026-08-18 20:00:00,-166.321389,-19.207778,35.641667,31.544444,-0.166321,-0.019208,0.035642,0.356417,0.031544,0.315444
2026-08-18 21:00:00,-170.298324,-19.578492,35.245125,31.111421,-0.170298,-0.019578,0.035245,0.352451,0.031111,0.311114
2026-08-18 22:00:00,-171.917828,-18.951666,35.116667,30.911111,-0.171918,-0.018952,0.035117,0.351167,0.030911,0.309111
2026-08-18 23:00:00,-173.488333,-18.842499,35.105556,30.961111,-0.173488,-0.018842,0.035106,0.351056,0.030961,0.309611
2026-08-19 00:00:00,-176.13,-18.799719,34.824513,30.688889,-0.17613,-0.0188,0.034825,0.348245,0.030689,0.306889
2026-08-19 01:00:00,-179.033334,-18.743333,34.591667,30.372222,-0.179033,-0.018743,0.034592,0.345917,0.030372,0.303722
2026-08-19 02:00:00,-181.849304,-18.700556,34.152778,30.002778,-0.181849,-0.018701,0.034153,0.341528,0.030003,0.300028
2026-08-19 03:00:00,-183.950278,-19.158497,33.977778,29.738889,-0.18395,-0.019158,0.033978,0.339778,0.029739,0.297389
2026-08-19 04:00:00,-186.937047,-18.668056,33.680556,29.369444,-0.186937,-0.018668,0.033681,0.336806,0.029369,0.293694
2026-08-19 05:00:00,-189.213056,-19.125001,33.569444,29.105556,-0.189213,-0.019125,0.033569,0.335694,0.029106,0.291056
2026-08-19 06:00:00,-191.387778,-19.115321,33.261111,28.938889,-0.191388,-0.019115,0.033261,0.332611,0.028939,0.289389
2026-08-19 07:00:00,-192.295278,-18.629445,33.169444,28.569444,-0.192295,-0.018629,0.033169,0.331694,0.028569,0.285694
2026-08-19 08:00:00,-192.9025,-18.840278,33.144444,28.813889,-0.192903,-0.01884,0.033144,0.331444,0.028814,0.288139
2026-08-19 09:00:00,-193.628611,-19.709722,33.294444,28.938889,-0.193629,-0.01971,0.033294,0.332944,0.028939,0.289389
2026-08-19 11:00:00,-199.814045,-20.482022,32.960563,28.907303,-0.199814,-0.020482,0.032961,0.329606,0.028907,0.289073
2026-08-19 12:00:00,-203.520277,-21.025627,32.655556,28.832869,-0.20352,-0.021026,0.032656,0.326556,0.028833,0.288329
2026-08-19 13:00:00,-207.056111,-21.0775,32.467967,28.861111,-0.207056,-0.021077,0.032468,0.32468,0.028861,0.288611
2026-08-19 14:00:00,-207.871429,-21.675698,32.268156,28.980392,-0.207871,-0.021676,0.032268,0.322682,0.02898,0.289804
2026-08-19 15:00:00,-210.040555,-22.294444,32.245125,29.044444,-0.210041,-0.022294,0.032245,0.322451,0.029044,0.290444
2026-08-19 16:00:00,-212.000557,-22.851944,32.297222,29.147222,-0.212001,-0.022852,0.032297,0.322972,0.029147,0.291472
2026-08-19 17:00:00,-214.209444,-23.401389,32.245125,29.205556,-0.214209,-0.023401,0.032245,0.322451,0.029206,0.292056
2026-08-19 18:00:00,-77.062222,-23.906111,166.094972,29.152778,-0.077062,-0.023906,0.166095,1.66095,0.029153,0.291528
2026-08-19 19:00:00,-12.0225,-24.282778,172.944444,29.05571,-0.012023,-0.024283,0.172944,1.729444,0.029056,0.290557
2026-08-19 20:00:00,-12.406389,-24.503611,155.793872,28.902778,-0.012406,-0.024504,0.155794,1.557939,0.028903,0.289028
2026-08-19 21:00:00,-12.674722,-24.358611,146.077994,28.64624,-0.012675,-0.024359,0.146078,1.46078,0.028646,0.286462
2026-08-19 22:00:00,-12.771866,-23.943333,140.994413,28.779944,-0.012772,-0.023943,0.140994,1.409944,0.02878,0.287799
2026-08-19 23:00:00,-12.799722,-23.642223,136.894444,28.425,-0.0128,-0.023642,0.136894,1.368944,0.028425,0.28425
2026-08-20 00:00:00,-12.892778,-23.528889,133.55,28.186111,-0.012893,-0.023529,0.13355,1.3355,0.028186,0.281861
2026-08-20 01:00:00,-13.038719,-23.434262,131.108939,27.963788,-0.013039,-0.023434,0.131109,1.311089,0.027964,0.279638
2026-08-20 02:00:00,-13.1675,-23.342222,128.036111,27.611732,-0.013167,-0.023342,0.128036,1.280361,0.027612,0.276117
2026-08-20 03:00:00,-13.290556,-23.214167,126.305556,27.440111,-0.013291,-0.023214,0.126306,1.263056,0.02744,0.274401
2026-08-20 04:00:00,-13.373333,-23.071111,124.333333,27.203343,-0.013373,-0.023071,0.124333,1.243333,0.027203,0.272033
2026-08-20 05:00:00,-13.413611,-22.974167,122.152778,27.072423,-0.013414,-0.022974,0.122153,1.221528,0.027072,0.270724
2026-08-20 06:00:00,-13.496667,-22.904166,120.955556,27.177778,-0.013497,-0.022904,0.120956,1.209556,0.027178,0.271778
2026-08-20 07:00:00,-13.5,-22.831754,119.437326,26.763889,-0.0135,-0.022832,0.119437,1.194373,0.026764,0.267639
2026-08-20 08:00:00,-13.545556,-22.948889,118.152778,26.872222,-0.013546,-0.022949,0.118153,1.181528,0.026872,0.268722
2026-08-20 09:00:00,-13.713649,-23.416667,117.061111,26.986111,-0.013714,-0.023417,0.117061,1.170611,0.026986,0.269861
2026-08-20 10:00:00,-14.033333,-23.932869,115.122222,27.236111,-0.014033,-0.023933,0.115122,1.151222,0.027236,0.272361
2026-08-20 11:00:00,-14.431667,-24.377778,113.305556,27.155989,-0.014432,-0.024378,0.113306,1.133056,0.027156,0.27156
2026-08-20 12:00:00,-14.796389,-24.711111,111.894444,26.916667,-0.014796,-0.024711,0.111894,1.118944,0.026917,0.269167
2026-08-20 13:00:00,-15.198056,-25.093611,110.044444,26.958333,-0.015198,-0.025094,0.110044,1.100444,0.026958,0.269583
2026-08-20 14:00:00,-15.595,-25.426944,107.994444,27.291667,-0.015595,-0.025427,0.107994,1.079944,0.027292,0.272917
2026-08-20 15:00:00,-16.010335,-25.823464,106.603352,27.343575,-0.01601,-0.025823,0.106603,1.066034,0.027344,0.273436
2026-08-20 16:00:00,-16.491922,-26.308078,105.1,27.55,-0.016492,-0.026308,0.1051,1.051,0.02755,0.2755
2026-08-20 17:00:00,-16.967222,-26.75,103.522222,27.577778,-0.016967,-0.02675,0.103522,1.035222,0.027578,0.275778
2026-08-20 18:00:00,-17.399443,-27.205,102.247911,27.952778,-0.017399,-0.027205,0.102248,1.022479,0.027953,0.279528
2026-08-20 19:00:00,-17.88,-27.666389,100.505556,27.590529,-0.01788,-0.027666,0.100506,1.005056,0.027591,0.275905
2026-08-20 20:00:00,-18.32312,-27.985,99.338889,27.297222,-0.018323,-0.027985,0.099339,0.993389,0.027297,0.272972
2026-08-20 21:00:00,-18.632222,-28.070834,98.130556,27.025,-0.018632,-0.028071,0.098131,0.981306,0.027025,0.27025
2026-08-20 22:00:00,-18.779444,-27.821788,97.081232,26.922222,-0.018779,-0.027822,0.097081,0.970812,0.026922,0.269222
2026-08-20 23:00:00,-18.866666,-27.539833,97.125348,26.855556,-0.018867,-0.02754,0.097125,0.971253,0.026856,0.268556
2026-08-21 00:00:00,-18.909722,-27.475555,96.394444,26.780556,-0.01891,-0.027476,0.096394,0.963944,0.026781,0.267806
2026-08-21 01:00:00,-19.012222,-27.405277,95.869444,26.302778,-0.019012,-0.027405,0.095869,0.958694,0.026303,0.263028
2026-08-21 02:00:00,-19.13352,-27.333798,95.572626,26.223464,-0.019134,-0.027334,0.095573,0.955726,0.026223,0.262235
2026-08-21 03:00:00,-19.142222,-27.254722,94.680556,25.966574,-0.019142,-0.027255,0.094681,0.946806,0.025967,0.259666
2026-08-21 04:00:00,-19.362222,-27.161389,94.044444,26.122222,-0.019362,-0.027161,0.094044,0.940444,0.026122,0.261222
2026-08-21 05:00:00,-19.449722,-27.054445,93.527778,25.504178,-0.01945,-0.027054,0.093528,0.935278,0.025504,0.255042
2026-08-21 06:00:00,-19.493333,-26.904166,92.955556,25.183333,-0.019493,-0.026904,0.092956,0.929556,0.025183,0.251833
2026-08-21 07:00:00,-19.433055,-26.731945,91.94429,25.130556,-0.019433,-0.026732,0.091944,0.919443,0.025131,0.251306
2026-08-21 08:00:00,-19.427222,-26.7475,91.875,25.266667,-0.019427,-0.026748,0.091875,0.91875,0.025267,0.252667
2026-08-21 09:00:00,-19.611142,-27.084401,91.4,25.330556,-0.019611,-0.027084,0.0914,0.914,0.025331,0.253306
2026-08-21 10:00:00,-19.893889,-27.516944,90.741667,25.602778,-0.019894,-0.027517,0.090742,0.907417,0.025603,0.256028
2026-08-21 11:00:00,-20.412778,-27.9975,89.369444,25.647222,-0.020413,-0.027998,0.089369,0.893694,0.025647,0.256472
2026-08-21 12:00:00,-21.025278,-28.420555,88.686111,25.376045,-0.021025,-0.028421,0.088686,0.886861,0.025376,0.25376
2026-08-21 13:00:00,-21.846111,-28.863333,87.302778,25.291667,-0.021846,-0.028863,0.087303,0.873028,0.025292,0.252917
2026-08-21 14:00:00,-22.586667,-29.228412,86.505556,25.547222,-0.022587,-0.029228,0.086506,0.865056,0.025547,0.255472
2026-08-21 15:00:00,-23.300556,-29.583889,85.344444,25.272222,-0.023301,-0.029584,0.085344,0.853444,0.025272,0.252722
2026-08-21 16:00:00,-24.022222,-29.951111,84.397222,25.288889,-0.024022,-0.029951,0.084397,0.843972,0.025289,0.252889
2026-08-21 17:00:00,-24.77493,-30.342897,83.797222,25.413889,-0.024775,-0.030343,0.083797,0.837972,0.025414,0.254139
2026-08-21 18:00:00,-25.452368,-30.7275,83.144847,25.306407,-0.025452,-0.030728,0.083145,0.831448,0.025306,0.253064
2026-08-21 19:00:00,-26.230278,-31.081389,82.002778,25.172222,-0.02623,-0.031081,0.082003,0.820028,0.025172,0.251722
2026-08-21 20:00:00,-26.912535,-31.386111,81.525,25.15,-0.026913,-0.031386,0.081525,0.81525,0.02515,0.2515
2026-08-21 21:00:00,-27.4507,-31.518488,80.567039,25.00838,-0.027451,-0.031518,0.080567,0.80567,0.025008,0.250084
2026-08-21 22:00:00,-27.662223,-31.424166,80.433333,25.170391,-0.027662,-0.031424,0.080433,0.804333,0.02517,0.251704
2026-08-21 23:00:00,-27.911111,-31.402777,80.430556,25.111421,-0.027911,-0.031403,0.080431,0.804306,0.025111,0.251114
2026-08-22 00:00:00,-28.245556,-31.397777,79.955556,24.841667,-0.028246,-0.031398,0.079956,0.799556,0.024842,0.248417
2026-08-22 01:00:00,-28.496945,-31.354999,79.406685,24.566667,-0.028497,-0.031355,0.079407,0.794067,0.024567,0.245667
2026-08-22 02:00:00,-28.829805,-31.236945,78.811111,24.358333,-0.02883,-0.031237,0.078811,0.788111,0.024358,0.243583
2026-08-22 03:00:00,-29.055556,-31.12,78.462396,24.138889,-0.029056,-0.03112,0.078462,0.784624,0.024139,0.241389
2026-08-22 04:00:00,-29.126741,-30.945,77.95,24.103064,-0.029127,-0.030945,0.07795,0.7795,0.024103,0.241031
2026-08-22 05:00:00,-29.257222,-30.733333,77.766017,24.002778,-0.029257,-0.030733,0.077766,0.77766,0.024003,0.240028
2026-08-22 06:00:00,-29.308888,-30.616667,77.416667,24.175,-0.029309,-0.030617,0.077417,0.774167,0.024175,0.24175
2026-08-22 07:00:00,-29.433889,-30.579945,77.038889,23.797222,-0.029434,-0.03058,0.077039,0.770389,0.023797,0.237972
2026-08-22 08:00:00,-29.559445,-30.607778,76.452778,23.875,-0.029559,-0.030608,0.076453,0.764528,0.023875,0.23875
2026-08-22 09:00:00,-29.939722,-30.968333,76.341667,24.027778,-0.02994,-0.030968,0.076342,0.763417,0.024028,0.240278
2026-08-22 10:00:00,-30.683889,-31.534444,75.472222,24.038889,-0.030684,-0.031534,0.075472,0.754722,0.024039,0.240389
2026-08-22 11:00:00,-31.494444,-32.023889,74.258333,23.897222,-0.031494,-0.032024,0.074258,0.742583,0.023897,0.238972
2026-08-22 12:00:00,-32.126184,-32.467222,73.538889,23.858333,-0.032126,-0.032467,0.073539,0.735389,0.023858,0.238583
2026-08-22 13:00:00,-33.096667,-32.887465,72.655556,23.972222,-0.033097,-0.032887,0.072656,0.726556,0.023972,0.239722
2026-08-22 14:00:00,-33.872222,-33.27,71.855556,23.827778,-0.033872,-0.03327,0.071856,0.718556,0.023828,0.238278
2026-08-22 15:00:00,-34.698056,-33.648333,70.913649,27.933333,-0.034698,-0.033648,0.070914,0.709136,0.027933,0.279333
2026-08-22 16:00:00,-35.529722,-26.853056,70.358333,54.633333,-0.03553,-0.026853,0.070358,0.703583,0.054633,0.546333
2026-08-22 17:00:00,-36.186944,-21.337778,69.661111,46.922222,-0.036187,-0.021338,0.069661,0.696611,0.046922,0.469222
2026-08-22 18:00:00,-37.123333,-19.0475,68.949861,43.658333,-0.037123,-0.019047,0.06895,0.689499,0.043658,0.436583
2026-08-22 19:00:00,-38.068611,-17.807778,67.844444,41.683333,-0.038069,-0.017808,0.067844,0.678444,0.041683,0.416833
2026-08-22 20:00:00,-38.902778,-16.904445,66.891667,40.211111,-0.038903,-0.016904,0.066892,0.668917,0.040211,0.402111
2026-08-22 21:00:00,-39.4525,-16.202222,66.797222,39.133333,-0.039452,-0.016202,0.066797,0.667972,0.039133,0.391333
2026-08-22 22:00:00,-39.674166,-15.587744,66.779944,38.408333,-0.039674,-0.015588,0.06678,0.667799,0.038408,0.384083
2026-08-22 23:00:00,-39.969359,-15.148333,66.905556,37.838889,-0.039969,-0.015148,0.066906,0.669056,0.037839,0.378389
2026-08-23 00:00:00,-40.311453,-14.805555,66.641667,37.194444,-0.040311,-0.014806,0.066642,0.666417,0.037194,0.371944
2026-08-23 01:00:00,-40.700555,-14.519167,66.4,36.75,-0.040701,-0.014519,0.0664,0.664,0.03675,0.3675
2026-08-23 02:00:00,-41.021944,-14.293889,66.064067,36.233333,-0.041022,-0.014294,0.066064,0.660641,0.036233,0.362333
2026-08-23 03:00:00,-41.458889,-14.169167,65.711111,35.866667,-0.041459,-0.014169,0.065711,0.657111,0.035867,0.358667
2026-08-23 04:00:00,-41.798056,-13.928691,65.602778,35.490251,-0.041798,-0.013929,0.065603,0.656028,0.03549,0.354903
2026-08-23 05:00:00,-42.16156,-13.769445,65.4,35.211111,-0.042162,-0.013769,0.0654,0.654,0.035211,0.352111
2026-08-23 06:00:00,-42.411389,-13.670556,65.263889,34.888889,-0.042411,-0.013671,0.065264,0.652639,0.034889,0.348889
2026-08-23 07:00:00,-42.599999,-13.57,64.994444,34.608333,-0.0426,-0.01357,0.064994,0.649944,0.034608,0.346083
2026-08-23 08:00:00,-42.768056,-13.503333,64.977778,34.466667,-0.042768,-0.013503,0.064978,0.649778,0.034467,0.344667
2026-08-23 09:00:00,-43.385833,-13.586111,64.568245,34.302778,-0.043386,-0.013586,0.064568,0.645682,0.034303,0.343028
2026-08-23 10:00:00,-44.068524,-13.63,64.102778,34.086111,-0.044069,-0.01363,0.064103,0.641028,0.034086,0.340861
2026-08-23 11:00:00,-45.102507,-13.723055,63.313889,33.761111,-0.045103,-0.013723,0.063314,0.633139,0.033761,0.337611
2026-08-23 12:00:00,-45.956945,-13.823955,62.716667,33.509749,-0.045957,-0.013824,0.062717,0.627167,0.03351,0.335097
2026-08-23 13:00:00,-47.103631,-13.920277,61.911111,33.069444,-0.047104,-0.01392,0.061911,0.619111,0.033069,0.330694
2026-08-23 14:00:00,-48.026111,-14.018056,61.469444,32.972222,-0.048026,-0.014018,0.061469,0.614694,0.032972,0.329722
2026-08-23 15:00:00,-49.081389,-14.141389,60.977778,32.638889,-0.049081,-0.014141,0.060978,0.609778,0.032639,0.326389
2026-08-23 16:00:00,-50.227222,-14.278333,60.412256,32.252778,-0.050227,-0.014278,0.060412,0.604123,0.032253,0.322528
2026-08-23 17:00:00,-51.36546,-14.441111,59.833333,31.925,-0.051365,-0.014441,0.059833,0.598333,0.031925,0.31925
2026-08-23 18:00:00,-52.474722,-14.698334,58.972222,31.779944,-0.052475,-0.014698,0.058972,0.589722,0.03178,0.317799
2026-08-23 19:00:00,-53.606389,-14.858056,58.377778,31.461111,-0.053606,-0.014858,0.058378,0.583778,0.031461,0.314611
2026-08-23 20:00:00,-54.960556,-14.8575,57.75,31.052925,-0.054961,-0.014857,0.05775,0.5775,0.031053,0.310529
2026-08-23 21:00:00,-55.680223,-14.880833,57.211111,30.802778,-0.05568,-0.014881,0.057211,0.572111,0.030803,0.308028
2026-08-23 22:00:00,-55.923056,-14.795291,57.495845,30.705556,-0.055923,-0.014795,0.057496,0.574958,0.030706,0.307056
2026-08-23 23:00:00,-56.375,-14.7725,57.480556,30.558333,-0.056375,-0.014773,0.057481,0.574806,0.030558,0.305583
2026-08-24 00:00:00,-56.8275,-14.915,56.961111,30.458333,-0.056828,-0.014915,0.056961,0.569611,0.030458,0.304583
2026-08-24 01:00:00,-57.630641,-14.80028,56.752089,30.167131,-0.057631,-0.0148,0.056752,0.567521,0.030167,0.301671
2026-08-24 02:00:00,-58.255278,-14.805014,56.616667,30.019444,-0.058255,-0.014805,0.056617,0.566167,0.030019,0.300194
2026-08-24 03:00:00,-58.831667,-14.974444,56.477778,29.779944,-0.058832,-0.014974,0.056478,0.564778,0.02978,0.297799
2026-08-24 04:00:00,-59.396667,-14.896666,56.225,29.488889,-0.059397,-0.014897,0.056225,0.56225,0.029489,0.294889
2026-08-24 05:00:00,-59.9375,-14.9,55.855556,29.328691,-0.059937,-0.0149,0.055856,0.558556,0.029329,0.293287
2026-08-24 06:00:00,-60.375833,-14.902785,55.544444,29.108333,-0.060376,-0.014903,0.055544,0.555444,0.029108,0.291083
2026-08-24 07:00:00,-60.764903,-14.94,55.367688,29.038889,-0.060765,-0.01494,0.055368,0.553677,0.029039,0.290389
2026-08-24 08:00:00,-60.937501,-14.966944,55.275,29.033333,-0.060938,-0.014967,0.055275,0.55275,0.029033,0.290333
2026-08-24 09:00:00,-61.098889,-15.058889,55.375,29.027778,-0.061099,-0.015059,0.055375,0.55375,0.029028,0.290278
2026-08-24 10:00:00,-61.876045,-15.245833,54.891667,28.911111,-0.061876,-0.015246,0.054892,0.548917,0.028911,0.289111
2026-08-24 11:00:00,-62.848333,-15.4275,54.344444,28.988889,-0.062848,-0.015427,0.054344,0.543444,0.028989,0.289889
2026-08-24 12:00:00,-63.610482,-15.601983,53.747875,28.988669,-0.06361,-0.015602,0.053748,0.537479,0.028989,0.289887
2026-08-24 13:00:00,-64.360555,-15.763231,53.475,28.947222,-0.064361,-0.015763,0.053475,0.53475,0.028947,0.289472
2026-08-24 14:00:00,-64.926111,-15.877994,52.936111,28.963889,-0.064926,-0.015878,0.052936,0.529361,0.028964,0.289639
2026-08-24 15:00:00,-65.409296,-15.99493,52.740845,28.938028,-0.065409,-0.015995,0.052741,0.527408,0.028938,0.28938
2026-08-24 16:00:00,-65.944445,-16.652778,49.091667,28.869081,-0.065944,-0.016653,0.049092,0.490917,0.028869,0.288691
2026-08-24 17:00:00,-66.526111,-17.094444,48.841226,28.832869,-0.066526,-0.017094,0.048841,0.488412,0.028833,0.288329
2026-08-24 18:00:00,-66.937048,-17.73,48.530556,28.855153,-0.066937,-0.01773,0.048531,0.485306,0.028855,0.288552
2026-08-24 19:00:00,-68.149166,-18.054445,48.211111,28.846797,-0.068149,-0.018054,0.048211,0.482111,0.028847,0.288468
2026-08-24 20:00:00,-69.539554,-18.478273,47.653631,28.458101,-0.06954,-0.018478,0.047654,0.476536,0.028458,0.284581
2026-08-24 21:00:00,-70.537778,-18.694723,47.136111,28.033333,-0.070538,-0.018695,0.047136,0.471361,0.028033,0.280333
2026-08-24 22:00:00,-71.354723,-18.631755,47.016713,27.666667,-0.071355,-0.018632,0.047017,0.470167,0.027667,0.276667
2026-08-24 23:00:00,-71.697214,-18.505278,46.863889,27.501393,-0.071697,-0.018505,0.046864,0.468639,0.027501,0.275014
2026-08-25 00:00:00,-72.252222,-18.498611,46.983333,27.4,-0.072252,-0.018499,0.046983,0.469833,0.0274,0.274
2026-08-25 01:00:00,-72.9675,-18.5,46.694444,27.197222,-0.072967,-0.0185,0.046694,0.466944,0.027197,0.271972
2026-08-25 02:00:00,-73.774722,-18.501111,46.252778,26.727778,-0.073775,-0.018501,0.046253,0.462528,0.026728,0.267278
2026-08-25 03:00:00,-74.613056,-18.543333,45.980556,26.641667,-0.074613,-0.018543,0.045981,0.459806,0.026642,0.266417
2026-08-25 04:00:00,-75.429805,-18.59,45.677778,26.311111,-0.07543,-0.01859,0.045678,0.456778,0.026311,0.263111
2026-08-25 05:00:00,-76.148468,-18.738611,45.358333,25.994444,-0.076148,-0.018739,0.045358,0.453583,0.025994,0.259944
2026-08-25 06:00:00,-76.643889,-18.670556,45.245125,25.877778,-0.076644,-0.018671,0.045245,0.452451,0.025878,0.258778
2026-08-25 07:00:00,-76.950278,-18.472222,44.983333,25.86351,-0.07695,-0.018472,0.044983,0.449833,0.025864,0.258635
2026-08-25 08:00:00,-77.050277,-18.504444,45.252778,25.877095,-0.07705,-0.018504,0.045253,0.452528,0.025877,0.258771
2026-08-25 09:00:00,-77.501389,-18.753333,45.072222,25.916435,-0.077501,-0.018753,0.045072,0.450722,0.025916,0.259164
2026-08-25 10:00:00,-78.198886,-19.033611,44.672222,25.888889,-0.078199,-0.019034,0.044672,0.446722,0.025889,0.258889
2026-08-25 11:00:00,-79.006111,-19.355,44.077994,25.919444,-0.079006,-0.019355,0.044078,0.44078,0.025919,0.259194
2026-08-25 12:00:00,-79.591922,-19.678333,43.866667,25.805556,-0.079592,-0.019678,0.043867,0.438667,0.025806,0.258056
2026-08-25 13:00:00,-81.293036,-19.981944,43.430556,25.838889,-0.081293,-0.019982,0.043431,0.434306,0.025839,0.258389
2026-08-25 14:00:00,-82.867778,-20.345125,43.147632,25.952778,-0.082868,-0.020345,0.043148,0.431476,0.025953,0.259528
2026-08-25 15:00:00,-84.723889,-20.873333,42.832869,25.997222,-0.084724,-0.020873,0.042833,0.428329,0.025997,0.259972
2026-08-25 16:00:00,-87.540278,-21.701667,42.363889,25.972222,-0.08754,-0.021702,0.042364,0.423639,0.025972,0.259722
2026-08-25 17:00:00,-90.6575,-22.214167,42.152778,25.930556,-0.090657,-0.022214,0.042153,0.421528,0.025931,0.259306
2026-08-25 18:00:00,-93.722778,-22.907521,41.827778,25.713092,-0.093723,-0.022908,0.041828,0.418278,0.025713,0.257131
2026-08-25 19:00:00,-97.376602,-23.540947,41.15,25.487465,-0.097377,-0.023541,0.04115,0.4115,0.025487,0.254875
2026-08-25 20:00:00,-101.181111,-24.074652,40.65,25.141667,-0.101181,-0.024075,0.04065,0.4065,0.025142,0.251417
2026-08-25 21:00:00,-104.417222,-24.411111,40.334262,24.858333,-0.104417,-0.024411,0.040334,0.403343,0.024858,0.248583
2026-08-25 22:00:00,-105.828412,-24.7075,40.2,24.721448,-0.105828,-0.024707,0.0402,0.402,0.024721,0.247214
2026-08-25 23:00:00,-107.837326,-24.574723,40.278552,24.663889,-0.107837,-0.024575,0.040279,0.402786,0.024664,0.246639
2026-08-26 00:00:00,-110.968055,-24.696667,39.941667,24.263889,-0.110968,-0.024697,0.039942,0.399417,0.024264,0.242639
2026-08-26 01:00:00,-113.746667,-24.7225,39.675,23.994444,-0.113747,-0.024723,0.039675,0.39675,0.023994,0.239944
2026-08-26 02:00:00,-116.405833,-24.711945,39.430556,23.830556,-0.116406,-0.024712,0.039431,0.394306,0.023831,0.238306
2026-08-26 03:00:00,-118.7925,-24.950697,38.908333,23.366667,-0.118793,-0.024951,0.038908,0.389083,0.023367,0.233667
2026-08-26 04:00:00,-120.991643,-24.611978,38.805556,23.219444,-0.120992,-0.024612,0.038806,0.388056,0.023219,0.232194
2026-08-26 05:00:00,-122.434166,-24.510278,38.597222,23.169444,-0.122434,-0.02451,0.038597,0.385972,0.023169,0.231694
2026-08-26 06:00:00,-123.96257,-24.335654,38.509749,22.986072,-0.123963,-0.024336,0.03851,0.385097,0.022986,0.229861
2026-08-26 07:00:00,-124.434903,-24.159834,38.476454,22.955679,-0.124435,-0.02416,0.038476,0.384765,0.022956,0.229557
2026-08-26 08:00:00,-124.16,-24.158334,38.786111,23.091667,-0.12416,-0.024158,0.038786,0.387861,0.023092,0.230917
2026-08-26 09:00:00,-125.698055,-24.578889,38.584958,23.147222,-0.125698,-0.024579,0.038585,0.38585,0.023147,0.231472
